contentGroupKind,contentGroupKey,isRepresentativeInGroup,relativePath,bytes,bytesSha256,textractBlocksNormSha256,textractOutJson,textNormSha256,numPages,normalizedTextChars,parseError,textractReadError
textract_blocks_no_ids,"textract_norm:0006b8b6da0c4466be2bfc52a5a0c9b1fae4228598788dd73714d18e4a50efa6",1,"doop/OneDrive_3_12-5-2026/Cronogramas técnico tecnológico/Modalidad presencial/Cronograma Ubicación-Suficiencia-Validación conocimientos de Inglés_GR-TEC-PS_D-El-P_Íntegro_202625-202630-202650.pdf",911862,714162353d896cfe45f6161039f8fb7316b1e7f8e1a5a6e50df924f134da0647,0006b8b6da0c4466be2bfc52a5a0c9b1fae4228598788dd73714d18e4a50efa6,"71416235_doop_OneDrive_3_12-5-2026_Cronogramas_te_cnico_tecnolo_gico_Modalidad_presencial_Cronograma_Ubicacio_n-Suficiencia-Valid.json",,4,0,,
textract_blocks_no_ids,"textract_norm:0211f13b2fd8cfb24643b24daacdc596acfcb96313981fa15fd769ec73d4b94b",1,"doop/OneDrive_3_12-5-2026/Cronogramas técnico tecnológico/Modalidad en línea/Cronograma_Elaboración materiales_TEC_EL__ABR-AGO_2026.pdf",401953,c3bb844f26966a5977ed705946a99230a014f6e0539b8ecac01c11dfa80c4fe0,0211f13b2fd8cfb24643b24daacdc596acfcb96313981fa15fd769ec73d4b94b,"c3bb844f_doop_OneDrive_3_12-5-2026_Cronogramas_te_cnico_tecnolo_gico_Modalidad_en_li_nea_Cronograma_Elaboracio_n_materiales_TEC_E.json",,2,0,,
textract_blocks_no_ids,"textract_norm:03a4a483b0366e131052169cb6de837ba98ea569ec4b46bea44572fef074addf",1,"doop/RV_ Publicación calendarios_ validación general, validación de inglés abril - agosto 2026 2/Calendario Validación general_GR-PS-TEC_D-EL_Estudiantes_202630.pdf",191985,05e2ca9438daefe2582b36cabf56937b5d9dbdad642e5ee237f0ebbff3d759b4,03a4a483b0366e131052169cb6de837ba98ea569ec4b46bea44572fef074addf,"05e2ca94_doop_RV_Publicacio_n_calendarios_validacio_n_general_validacio_n_de_ingle_s_abril_-_agosto_2026_2_Calendario_Validaci_n_.json",f1eb4553bc0d199edb21279a70e2cede4bc16518e0d2834a5faa96638547391f,2,1137,,
textract_blocks_no_ids,"textract_norm:03a996381a8d866ddbe9d6c8654ace4bf04f66edf816a4fc8467d4326eb4594b",1,"doop/RV_ Publicación calendarios_ grado, modalidad en línea, abril - agosto 2026/Calendario académico modular_TEC_P_Estudiantes_202630.pdf",194932,5b214a338af65483b5f09a77b5f49d64af3585269f3661a2a60e4ada978089e1,03a996381a8d866ddbe9d6c8654ace4bf04f66edf816a4fc8467d4326eb4594b,"5b214a33_doop_RV_Publicacio_n_calendarios_grado_modalidad_en_li_nea_abril_-_agosto_2026_Calendario_acad_mico_modular_TEC_P_Estudi.json",73778465b4dda51f763f1b829c5d4e1133c3975a0b35cf88a740ed343f43b446,2,1639,,
textract_blocks_no_ids,"textract_norm:05f84c963720e13cae7dfedd86781219469d7c3238d5858a3e81ffeea8cb9097",1,"doop/OneDrive_3_12-5-2026/Cronogramas grado/Modalidad a distancia, en línea/Cronograma Unidad Titulación Especial_GR-PS_D-P_Íntegro_202630.pdf",3933378,18b209296a738dfe92cf959d218e7894b1c8b4eddc7f722cd95ac38c4a112a5e,05f84c963720e13cae7dfedd86781219469d7c3238d5858a3e81ffeea8cb9097,"18b20929_doop_OneDrive_3_12-5-2026_Cronogramas_grado_Modalidad_a_distancia_en_li_nea_Cronograma_Unidad_Titulacio_n_Especial_GR-PS.json",,18,0,,
textract_blocks_no_ids,"textract_norm:077df658cf0b1e002aea481c3632c93498ad19e03d9c0f92ab5f188a6ddcdad1",1,"doop/OneDrive_2_12-5-2026/Cronograma Ubicación-Suficiencia-Validación conocimientos de Inglés_GR-TEC-PS_D-El-P_Íntegro_202625-202630-202650.pdf",911862,714162353d896cfe45f6161039f8fb7316b1e7f8e1a5a6e50df924f134da0647,077df658cf0b1e002aea481c3632c93498ad19e03d9c0f92ab5f188a6ddcdad1,"71416235_doop_OneDrive_2_12-5-2026_Cronograma_Ubicacio_n-Suficiencia-Validacio_n_conocimientos_de_Ingle_s_GR-TEC-PS_D-El-P_I_nteg.json",,4,0,,
textract_blocks_no_ids,"textract_norm:07e0756b41f841a1d23accdf8abbaf56b889fc983dfac8bda9e11b80dada881a",1,"doop/RV_ Publicación calendarios_ Calendario interno rotativo medicina mayo 2026 - abril 2027 2/Cronograma académico internado rotativo GR__P__Íntegro__202640.pdf",495976,44c9ac7f7366cb99627a162e15b898183826e952503333c8693584bdd05cc6dc,07e0756b41f841a1d23accdf8abbaf56b889fc983dfac8bda9e11b80dada881a,"44c9ac7f_doop_RV_Publicacio_n_calendarios_Calendario_interno_rotativo_medicina_mayo_2026_-_abril_2027_2_Cronograma_acad_mico_inte.json",,2,0,,
textract_blocks_no_ids,"textract_norm:09098820e63830e1b82511a3c523c14324544ebfa51830e0a8e3c5ed7b099fa8",1,"doop/RV_ Publicación calendarios_ validación general, validación de inglés abril - agosto 2026 2/Calendario Suficiencia de Inglés Int. Externas_GR-PS_D-EL-P_Estudiantes_202630.pdf",190363,0feaa054d0f385f83d967be2d37c320463226742b6ad388b1bca5c9c7875e324,09098820e63830e1b82511a3c523c14324544ebfa51830e0a8e3c5ed7b099fa8,"0feaa054_doop_RV_Publicacio_n_calendarios_validacio_n_general_validacio_n_de_ingle_s_abril_-_agosto_2026_2_Calendario_Suficiencia.json",905acb61ce376d986693d2fbce9ae618901a31731aabd1ea2c535845b97508df,2,851,,
textract_blocks_no_ids,"textract_norm:0da9bb9a67cb77208e4a1bef0e9abe9282c73e723083eae9bf9bdb0d670f088a",1,"doop/OneDrive_4_12-5-2026/Trámites y servicios/Cronograma_Servicios de reconocimiento_GR, PS, TEC_D, EL__ABR-AGO_2026.pdf",189257,76484ad70c9939280886172414e2a50d176cb665e284ca31d6aa8c2d204d8422,0da9bb9a67cb77208e4a1bef0e9abe9282c73e723083eae9bf9bdb0d670f088a,"76484ad7_doop_OneDrive_4_12-5-2026_Tra_mites_y_servicios_Cronograma_Servicios_de_reconocimiento_GR_PS_TEC_D_EL_ABR-AGO_2026.json",985e5aec6bec3c7b1362f80b5ed90f8f1dde1c9da89c30913e9992fdf140011f,3,4097,,
textract_blocks_no_ids,"textract_norm:0f855ec060cf612a43833694c5b08e6c000479a19db467597b51090cf1d9c824",1,"doop/RV_ Publicación calendarios_ grado, modalidad en línea, abril - agosto 2026/Calendario académico_TEC_EL_Docentes_202630.pdf",201132,51f5139521d9689aec52f2641c6051a37c8e26d5e2c4adbc67db2c773bd20e9c,0f855ec060cf612a43833694c5b08e6c000479a19db467597b51090cf1d9c824,"51f51395_doop_RV_Publicacio_n_calendarios_grado_modalidad_en_li_nea_abril_-_agosto_2026_Calendario_acad_mico_TEC_EL_Docentes_2026.json",438bfefa7022f4d0ae626ab6926f1adcd18139083969d2bd86b2776773a6afff,2,3259,,
textract_blocks_no_ids,"textract_norm:136845d9a0f99bfef25e384e1084b9b0536bbfac19e8d37e0fd95419b8cbcb54",1,"doop/RV_ Publicación de calendarios_ UTE-UIC-UT periodo abril - agosto 2026 2/Calendario académico Unidad Integración Curricular_GR_P_Estudiantes_202630.pdf",196793,a8b646b71549adb943bfef79820c2dd10eede2276dde4471923e34fd11240097,136845d9a0f99bfef25e384e1084b9b0536bbfac19e8d37e0fd95419b8cbcb54,"a8b646b7_doop_RV_Publicacio_n_de_calendarios_UTE-UIC-UT_periodo_abril_-_agosto_2026_2_Calendario_acad_mico_Unidad_Integraci_n_Cur.json",768b79e67613aeb7d5ccef670b82370f643b2b6b1f4d9e6df652e6c8f058fa8f,2,1686,,
textract_blocks_no_ids,"textract_norm:13bfa93c7b595d6074a798c026eda348de37eb7671be83c6b8beabf2c2c9206a",1,"doop/OneDrive_3_12-5-2026/Cronogramas grado/Modalidad presencial/Matrículas Unidad Titulación Especial (UTE)_GR_P__ABR-AGO_2026.pdf",117172,53860cfdf04d715c462cd739a59c20e0188ff5b658f97aeaabfcc72d343c902a,13bfa93c7b595d6074a798c026eda348de37eb7671be83c6b8beabf2c2c9206a,"53860cfd_doop_OneDrive_3_12-5-2026_Cronogramas_grado_Modalidad_presencial_Matri_culas_Unidad_Titulacio_n_Especial_UTE_GR_P_ABR-AG.json",,1,0,,
textract_blocks_no_ids,"textract_norm:150ce1f040bc6408347d473e7d80bfa085bd9c45b324e8a8bc4f6752496cc9e1",1,"doop/OneDrive_3_12-5-2026/Cronogramas técnico tecnológico/Modalidad en línea/Cronograma Unidad Integración Curricular_GR-PS-TEC_D-EL-P_Íntegro_202630.pdf",3198758,eee1c735ea4b9a4725d3a7b45546c4316b424bef1a1c62c2478ab9c4c3212818,150ce1f040bc6408347d473e7d80bfa085bd9c45b324e8a8bc4f6752496cc9e1,"eee1c735_doop_OneDrive_3_12-5-2026_Cronogramas_te_cnico_tecnolo_gico_Modalidad_en_li_nea_Cronograma_Unidad_Integracio_n_Curricula.json",,14,0,,
textract_blocks_no_ids,"textract_norm:16260e6e5ab7acb1b6a9801134ed60d48f1fa4efbb8cdfdc5fff09be2587bbf2",1,"doop/OneDrive_3_12-5-2026/Cronogramas posgrados/Cronograma Validación general_GR-PS-TEC_D-EL-P_Íntegro_202630.pdf",883651,882543dbe81055bab12932d31f7aa53a932dadb831acc6eb5e3c27391c0e132d,16260e6e5ab7acb1b6a9801134ed60d48f1fa4efbb8cdfdc5fff09be2587bbf2,"882543db_doop_OneDrive_3_12-5-2026_Cronogramas_posgrados_Cronograma_Validacio_n_general_GR-PS-TEC_D-EL-P_I_ntegro_202630.json",,4,0,,
textract_blocks_no_ids,"textract_norm:1ae6e62523c9aba8a95da956d7bcab8bebbf559cf5a91af7929ddaba6c276635",1,"doop/OneDrive_4_12-5-2026/Cronogramas posgrados/Admisiones_Posgrados_D-El-P__ABR-AGO_2026.pdf",588138,9f0477d1d5ff9dc4fa75d7ea70d0dffb7546f872ddf4fca3875eba07419401f1,1ae6e62523c9aba8a95da956d7bcab8bebbf559cf5a91af7929ddaba6c276635,"9f0477d1_doop_OneDrive_4_12-5-2026_Cronogramas_posgrados_Admisiones_Posgrados_D-El-P_ABR-AGO_2026.json",,2,0,,
textract_blocks_no_ids,"textract_norm:1c72c844a87469451c5056af6475c7bbbe69a84ec9255f13b234de4016ed6c2d",1,"doop/RV_ Publicación de calendarios_ UTE-UIC-UT periodo abril - agosto 2026 2/Calendario Unidad Titulación Especial_GR_P_Docentes_202630.pdf",203909,33cceed3e6731852d20b916c943f985d46e6f8b2d9708208bf1d6d92751a3327,1c72c844a87469451c5056af6475c7bbbe69a84ec9255f13b234de4016ed6c2d,"33cceed3_doop_RV_Publicacio_n_de_calendarios_UTE-UIC-UT_periodo_abril_-_agosto_2026_2_Calendario_Unidad_Titulaci_n_Especial_GR_P_.json",4d9df7290a5ab6fd160e6467ca8e387d1e49e6b9a0831e5e5343e8fcebdd56a9,2,3929,,
textract_blocks_no_ids,"textract_norm:1f8a79aaaa70ef9b6cb85e1b610d357186d3d5b81f16fbcf90b727904d3fccc3",1,"doop/OneDrive_3_12-5-2026/Cronogramas posgrados/Matrículas_PS_P-EL__ABR-AGO_2026.pdf",267441,c49d027ec226a8d6e865a956ccdce8e94809379a2141207e9dd6826100dbf854,1f8a79aaaa70ef9b6cb85e1b610d357186d3d5b81f16fbcf90b727904d3fccc3,"c49d027e_doop_OneDrive_3_12-5-2026_Cronogramas_posgrados_Matri_culas_PS_P-EL_ABR-AGO_2026.json",,2,0,,
textract_blocks_no_ids,"textract_norm:2282c2d2557f45e04f6d4d9b26f5e602e2a282da38dbb9a77f915a6ef72e103c",1,"doop/OneDrive_4_12-5-2026/Cronogramas grado/Modalidad presencial/Matrículas_GR_P__ABR-AGO_2026.pdf",329309,6232b5beb0b7e94b367be49a3d9cf149433095b56ba7245358be9cab03b76680,2282c2d2557f45e04f6d4d9b26f5e602e2a282da38dbb9a77f915a6ef72e103c,"6232b5be_doop_OneDrive_4_12-5-2026_Cronogramas_grado_Modalidad_presencial_Matri_culas_GR_P_ABR-AGO_2026.json",,3,0,,
textract_blocks_no_ids,"textract_norm:278a3411657063f6e56aa214172a274f00618f40959399fbf2e9c93da6d12669",1,"doop/OneDrive_3_12-5-2026/Cronogramas posgrados/Admisiones_Especialización Anestesiología y Imagenología_Posgrados_P__ABR-AGO_2026.pdf",1036537,d529b41e3fb3276e761d92409077ac8373cdb480fb3537fa702773bbe701613b,278a3411657063f6e56aa214172a274f00618f40959399fbf2e9c93da6d12669,"d529b41e_doop_OneDrive_3_12-5-2026_Cronogramas_posgrados_Admisiones_Especializacio_n_Anestesiologi_a_y_Imagenologi_a_Posgrados_P_.json",,4,0,,
textract_blocks_no_ids,"textract_norm:29f8d87869b6b38c6d7969d8b1f210a4c3c44a1f9fa401d6a32e449cb4ca9956",1,"doop/OneDrive_3_12-5-2026/Cronogramas posgrados/Cronograma Unidad Integración Curricular_GR-PS-TEC_D-EL-P_Íntegro_202630.pdf",3198758,eee1c735ea4b9a4725d3a7b45546c4316b424bef1a1c62c2478ab9c4c3212818,29f8d87869b6b38c6d7969d8b1f210a4c3c44a1f9fa401d6a32e449cb4ca9956,"eee1c735_doop_OneDrive_3_12-5-2026_Cronogramas_posgrados_Cronograma_Unidad_Integracio_n_Curricular_GR-PS-TEC_D-EL-P_I_ntegro_2026.json",,14,0,,
textract_blocks_no_ids,"textract_norm:2dc071399ccf8836129a0da9ed637e0c099f84fb17d4e1c59e96d093eb220afa",1,"doop/OneDrive_3_12-5-2026/Cronogramas grado/Modalidad a distancia, en línea/Cronograma académico modular_GR-TEC_EL-P_Íntegro_202630.pdf",1137061,484e5c579666daf0930ed1a0af5270377ce8e74bd2087a54b1a48f8261d3c7b5,2dc071399ccf8836129a0da9ed637e0c099f84fb17d4e1c59e96d093eb220afa,"484e5c57_doop_OneDrive_3_12-5-2026_Cronogramas_grado_Modalidad_a_distancia_en_li_nea_Cronograma_acade_mico_modular_GR-TEC_EL-P_I_.json",,6,0,,
textract_blocks_no_ids,"textract_norm:2eca50a8037331ea5f5d80d4fe40a862dc37ac1584500d626c280dbe04e7edc4",1,"doop/OneDrive_3_12-5-2026/Trámites y servicios/Cronograma_Servicios de reconocimiento_GR, PS, TEC_D, EL__ABR-AGO_2026.pdf",189257,76484ad70c9939280886172414e2a50d176cb665e284ca31d6aa8c2d204d8422,2eca50a8037331ea5f5d80d4fe40a862dc37ac1584500d626c280dbe04e7edc4,"76484ad7_doop_OneDrive_3_12-5-2026_Tra_mites_y_servicios_Cronograma_Servicios_de_reconocimiento_GR_PS_TEC_D_EL_ABR-AGO_2026.json",985e5aec6bec3c7b1362f80b5ed90f8f1dde1c9da89c30913e9992fdf140011f,3,4097,,
textract_blocks_no_ids,"textract_norm:2f4b41f75b3f83ca87f66af02b92da956d98de5d6af32d13dcc68e69e51b0b1a",1,"doop/OneDrive_4_12-5-2026/Cronogramas grado/Modalidad presencial/Cronograma Unidad Titulación Especial_GR-PS_D-P_Íntegro_202630.pdf",3933378,18b209296a738dfe92cf959d218e7894b1c8b4eddc7f722cd95ac38c4a112a5e,2f4b41f75b3f83ca87f66af02b92da956d98de5d6af32d13dcc68e69e51b0b1a,"18b20929_doop_OneDrive_4_12-5-2026_Cronogramas_grado_Modalidad_presencial_Cronograma_Unidad_Titulacio_n_Especial_GR-PS_D-P_I_nteg.json",,18,0,,
textract_blocks_no_ids,"textract_norm:32037429e0efebb19e28e99d320f596431fe75a7e1b11c101d975445dde56bc1",1,"doop/OneDrive_3_12-5-2026/Cronogramas grado/Modalidad presencial/Cronograma Ubicación-Suficiencia-Validación conocimientos de Inglés_GR-TEC-PS_D-El-P_Íntegro_202630.pdf",911862,714162353d896cfe45f6161039f8fb7316b1e7f8e1a5a6e50df924f134da0647,32037429e0efebb19e28e99d320f596431fe75a7e1b11c101d975445dde56bc1,"71416235_doop_OneDrive_3_12-5-2026_Cronogramas_grado_Modalidad_presencial_Cronograma_Ubicacio_n-Suficiencia-Validacio_n_conocimie.json",,4,0,,
textract_blocks_no_ids,"textract_norm:377c9375ebd50d83ff360443d2588dc65af3e0662daa50af4229a24942449920",1,"doop/OneDrive_4_12-5-2026/Cronogramas grado/Modalidad a distancia, en línea/Cronograma académico modular_GR-TEC_EL-P_Íntegro_202630.pdf",1137061,484e5c579666daf0930ed1a0af5270377ce8e74bd2087a54b1a48f8261d3c7b5,377c9375ebd50d83ff360443d2588dc65af3e0662daa50af4229a24942449920,"484e5c57_doop_OneDrive_4_12-5-2026_Cronogramas_grado_Modalidad_a_distancia_en_li_nea_Cronograma_acade_mico_modular_GR-TEC_EL-P_I_.json",,6,0,,
textract_blocks_no_ids,"textract_norm:37899bf348949837696b8abf759cd42144959cec7f6edb1e58446cdeaf367c99",1,"doop/RV_ Publicación calendarios_ grado, modalidad en línea, abril - agosto 2026/Calendario académico modular_TEC_P_Docentes_202630.pdf",194508,c836f5ecea3be346601dea7e789b2db8a4201f1067488c8f1921d8ff471f7670,37899bf348949837696b8abf759cd42144959cec7f6edb1e58446cdeaf367c99,"c836f5ec_doop_RV_Publicacio_n_calendarios_grado_modalidad_en_li_nea_abril_-_agosto_2026_Calendario_acad_mico_modular_TEC_P_Docent.json",57c5342ebb833a3ab7f656702969481905177c9a7e0fac12cc08f4a24180b51f,2,1618,,
textract_blocks_no_ids,"textract_norm:38fad4410cba9d755f7e53fcfac763003b419e101b44f38189aec5981af57e3e",1,"doop/OneDrive_3_12-5-2026/Trámites y servicios/Cronograma_Servicios de matrícula_GR, PS, TEC_P, D, EL__ABR-AGO_2026.pdf",152976,7aeb2602e6263eef47fbf470698f9fd58623113cdd29a001d6c7994b0aa5b29f,38fad4410cba9d755f7e53fcfac763003b419e101b44f38189aec5981af57e3e,"7aeb2602_doop_OneDrive_3_12-5-2026_Tra_mites_y_servicios_Cronograma_Servicios_de_matri_cula_GR_PS_TEC_P_D_EL_ABR-AGO_2026.json",e3a0b60e0b28e1d59ad670693fe92ed5806af692062699201a8d38b2879a8e4d,3,5226,,
textract_blocks_no_ids,"textract_norm:3a0d0ad62b5b2dc9da52f67eae819b50d4734a34851cbdb946bb368580273185",1,"doop/RV_ Publicación calendarios_ estudiantes abril - agosto 2026 2/Calendario académico_GR_D-EL_Estudiantes_202630.pdf",1026300,8570afd5ab5fe80c98e74a1f52c24ea0ccf25cac16e6ff4a1c3fdade02e4ceb1,3a0d0ad62b5b2dc9da52f67eae819b50d4734a34851cbdb946bb368580273185,"8570afd5_doop_RV_Publicacio_n_calendarios_estudiantes_abril_-_agosto_2026_2_Calendario_acad_mico_GR_D-EL_Estudiantes_202630.json",bbf96b5c65c991eab6c8aa8219559304a04f82bcf4c702be2a0b2edec055efd7,4,2186,,
textract_blocks_no_ids,"textract_norm:3a3152f30f7990e7980a391933b1903188e1cf7e93a46e2f2f5da662e9868e24",1,"doop/OneDrive_4_12-5-2026/Cronogramas posgrados/Cronograma Validación general_GR-PS-TEC_D-EL-P_Íntegro_202630.pdf",883651,882543dbe81055bab12932d31f7aa53a932dadb831acc6eb5e3c27391c0e132d,3a3152f30f7990e7980a391933b1903188e1cf7e93a46e2f2f5da662e9868e24,"882543db_doop_OneDrive_4_12-5-2026_Cronogramas_posgrados_Cronograma_Validacio_n_general_GR-PS-TEC_D-EL-P_I_ntegro_202630.json",,4,0,,
textract_blocks_no_ids,"textract_norm:3b4a32e5da06d99b641fd7d4a410f32779fff88ef8798497b03b4aec11408d22",1,"doop/RV_ Publicación de calendarios_ UTE-UIC-UT periodo abril - agosto 2026 2/Cronograma Unidad Titulación Especial_GR-PS_D-P_Íntegro_202630.pdf",3933378,18b209296a738dfe92cf959d218e7894b1c8b4eddc7f722cd95ac38c4a112a5e,3b4a32e5da06d99b641fd7d4a410f32779fff88ef8798497b03b4aec11408d22,"18b20929_doop_RV_Publicacio_n_de_calendarios_UTE-UIC-UT_periodo_abril_-_agosto_2026_2_Cronograma_Unidad_Titulaci_n_Especial_GR-PS.json",,18,0,,
textract_blocks_no_ids,"textract_norm:3d6ed63ddce1d53e1f930b186af72f2ceb1c4e7b7ccb4b35876f8034ee926c01",1,"doop/OneDrive_2_12-5-2026/Cronograma_Elaboración material educativo_TEC_EL_Íntegro.pdf",584656,767a5816aa3728f9ae2ec91888d3ca493c6d515a04950c28610558618ea6e6ae,3d6ed63ddce1d53e1f930b186af72f2ceb1c4e7b7ccb4b35876f8034ee926c01,"767a5816_doop_OneDrive_2_12-5-2026_Cronograma_Elaboracio_n_material_educativo_TEC_EL_I_ntegro.json",,2,0,,
textract_blocks_no_ids,"textract_norm:3e20056931c6856f4d289d85b968ece0bbc5900084bce2d88ec29fa6e9bcb3d3",1,"doop/OneDrive_4_12-5-2026/Cronogramas grado/Modalidad presencial/Alcance matrícula GR_MP_ABR-AGO_2026.pdf",154196,5ef78a323a869abe2c96e1f0c4aa4495489de3909761d1c82b39c350fc6eab86,3e20056931c6856f4d289d85b968ece0bbc5900084bce2d88ec29fa6e9bcb3d3,"5ef78a32_doop_OneDrive_4_12-5-2026_Cronogramas_grado_Modalidad_presencial_Alcance_matri_cula_GR_MP_ABR-AGO_2026.json",,2,0,,
textract_blocks_no_ids,"textract_norm:3f0f9eb5462125ad1a2c39fabe488d364bb7a57e762194d06e159c05d134dc75",1,"doop/OneDrive_3_12-5-2026/Cronogramas grado/Modalidad a distancia, en línea/Mátriculas_GR_D-EL__ABR-AGO_2026.pdf",173741,76d833226d3d6e229f607227f32b6df13ad3ce6333024c5af6761896ebfd0184,3f0f9eb5462125ad1a2c39fabe488d364bb7a57e762194d06e159c05d134dc75,"76d83322_doop_OneDrive_3_12-5-2026_Cronogramas_grado_Modalidad_a_distancia_en_li_nea_Ma_triculas_GR_D-EL_ABR-AGO_2026.json",,1,0,,
textract_blocks_no_ids,"textract_norm:40031cd4dfcfdfdfc6fa6c0c1d9bc12457b8a265038853cdc9a82fec3fe6a58b",1,"doop/RV_ Publicación calendarios_ validación general, validación de inglés abril - agosto 2026 2/Calendario Validación Listening-Speaking_GR_EL_Estudiantes_202630.pdf",193141,e089972973de0ddf71d99388bbb294b1437dfc43fd1950d82397a8cfc05a13b8,40031cd4dfcfdfdfc6fa6c0c1d9bc12457b8a265038853cdc9a82fec3fe6a58b,"e0899729_doop_RV_Publicacio_n_calendarios_validacio_n_general_validacio_n_de_ingle_s_abril_-_agosto_2026_2_Calendario_Validaci_n_.json",053763df897fd48cf642ef64676f80a841c66e58ebdbe7ecca324d9d26656c0c,2,1287,,
textract_blocks_no_ids,"textract_norm:4261609e33ee411f9e7a9b318d0893d76fe938ebc76e621f4e1e2a478dc8cbff",1,"doop/OneDrive_4_12-5-2026/Cronogramas técnico tecnológico/Modalidad en línea/Inscripciones C Competencias específicas_TEC_EL__ABR-AGO_2026.pdf",169147,246f0acb168619fa2e087edcab9947ecc9b5dcb26ba55c138e61f072a2602091,4261609e33ee411f9e7a9b318d0893d76fe938ebc76e621f4e1e2a478dc8cbff,"246f0acb_doop_OneDrive_4_12-5-2026_Cronogramas_te_cnico_tecnolo_gico_Modalidad_en_li_nea_Inscripciones_C_Competencias_especi_fica.json",,1,0,,
textract_blocks_no_ids,"textract_norm:48973f04b3e2f96767261587609be044fac9dd03ca0fb31691203fc922516b22",1,"doop/RV_ Publicación calendarios_ estudiantes abril - agosto 2026 2/Calendario académico_Posgrados_P_Estudiantes_202630.pdf",900606,cf0d619cd07dbe3fd512b7637638f563438f7c01ffd193499ad6e222fbcb4946,48973f04b3e2f96767261587609be044fac9dd03ca0fb31691203fc922516b22,"cf0d619c_doop_RV_Publicacio_n_calendarios_estudiantes_abril_-_agosto_2026_2_Calendario_acad_mico_Posgrados_P_Estudiantes_202630.json",409995ca37390fa8a294713c20c3e3b3461d9eaec84681a922513b427d25bd07,4,1728,,
textract_blocks_no_ids,"textract_norm:493adf672251b59c843ecaab0e411a51ff25aa17da354056e768b58fb249c680",1,"doop/OneDrive_1_12-5-2026/Cronograma Ubicación-Suficiencia-Validación conocimientos de Inglés_GR-TEC-PS_D-El-P_Íntegro_202625-202630-202650.pdf",911862,714162353d896cfe45f6161039f8fb7316b1e7f8e1a5a6e50df924f134da0647,493adf672251b59c843ecaab0e411a51ff25aa17da354056e768b58fb249c680,"71416235_doop_OneDrive_1_12-5-2026_Cronograma_Ubicacio_n-Suficiencia-Validacio_n_conocimientos_de_Ingle_s_GR-TEC-PS_D-El-P_I_nteg.json",,4,0,,
textract_blocks_no_ids,"textract_norm:4a4fa87c4fcb5089ede85acf0802b3f0ba4bef71908960bbd4f24f7ae33250cb",1,"doop/OneDrive_2_12-5-2026/Servicios Reconocimiento de Estudios_TEC_EL_Íntegro_202650.pdf",198842,85fe1894c307d369e08054d49e5a4b53da09a7cc7e9b46afd9bf5e378b9d411f,4a4fa87c4fcb5089ede85acf0802b3f0ba4bef71908960bbd4f24f7ae33250cb,"85fe1894_doop_OneDrive_2_12-5-2026_Servicios_Reconocimiento_de_Estudios_TEC_EL_I_ntegro_202650.json",4f124dc16980fc9dffa48cbb4f543eadb6785dd7ecc3e7e95a0f2a2438920c46,2,2234,,
textract_blocks_no_ids,"textract_norm:4aa5912134cfe6289c63577b81b6eea61c8bdbe616a7ea7ee309f0f6af8e1b0f",1,"doop/RV_ Publicación de calendarios_ UTE-UIC-UT periodo abril - agosto 2026 2/Calendario académico Trabajo Integración Curricular_TEC_EL_Docentes_202630.pdf",191111,a38c0b427ede645c44f3b0fc71719ab57f764ab4bbdee63da07b41684709dead,4aa5912134cfe6289c63577b81b6eea61c8bdbe616a7ea7ee309f0f6af8e1b0f,"a38c0b42_doop_RV_Publicacio_n_de_calendarios_UTE-UIC-UT_periodo_abril_-_agosto_2026_2_Calendario_acad_mico_Trabajo_Integraci_n_Cu.json",88479c53dc6f35f18b5cefc1787c9bd59855a41e05b88870e046e8426d749b94,2,1075,,
textract_blocks_no_ids,"textract_norm:4ade8db384cbd11e2e0674b8906ce4f854453911803c5fee1e1d55a9b46d709a",1,"doop/OneDrive_3_12-5-2026/Cronogramas posgrados/Matrículas Unidad Titulación Especial (UTE)_Posgrados_D-El-P-H__ABR-AGO_2026.pdf",120668,193bc80e046075dfd63a3dea98477e453634a435bbc42e98438bb9fafa9e2798,4ade8db384cbd11e2e0674b8906ce4f854453911803c5fee1e1d55a9b46d709a,"193bc80e_doop_OneDrive_3_12-5-2026_Cronogramas_posgrados_Matri_culas_Unidad_Titulacio_n_Especial_UTE_Posgrados_D-El-P-H_ABR-AGO_2.json",,1,0,,
textract_blocks_no_ids,"textract_norm:4c875cd93bb9a58aaaaeace55a865aef42137615a2e6485082a59e9e69ac017f",1,"doop/OneDrive_3_12-5-2026/Cronogramas técnico tecnológico/Modalidad presencial/Alcance matrícula TEC_MP_ABR-AGO_2026.pdf",1643144,640db6302a473d36749635d016dd7a4e3040755b0873dfe8c103181e743c1d0f,4c875cd93bb9a58aaaaeace55a865aef42137615a2e6485082a59e9e69ac017f,"640db630_doop_OneDrive_3_12-5-2026_Cronogramas_te_cnico_tecnolo_gico_Modalidad_presencial_Alcance_matri_cula_TEC_MP_ABR-AGO_2026.json",,4,0,,
textract_blocks_no_ids,"textract_norm:4e195150cc03ace682197e1c9a936155cb295f952ae1da2b46646a19e55a748d",1,"doop/RV_ Publicación de calendarios_ UTE-UIC-UT periodo abril - agosto 2026 2/Cronograma Unidad Integración Curricular_GR-PS-TEC_D-EL-P_Íntegro_202630.pdf",3198758,eee1c735ea4b9a4725d3a7b45546c4316b424bef1a1c62c2478ab9c4c3212818,4e195150cc03ace682197e1c9a936155cb295f952ae1da2b46646a19e55a748d,"eee1c735_doop_RV_Publicacio_n_de_calendarios_UTE-UIC-UT_periodo_abril_-_agosto_2026_2_Cronograma_Unidad_Integraci_n_Curricular_GR.json",,14,0,,
textract_blocks_no_ids,"textract_norm:52e58ff5b4d0081a4e58630e132dc4323263032d8ca1414f711fa59bdb4ad66e",1,"doop/RV_ Publicación de calendarios_ UTE-UIC-UT periodo abril - agosto 2026 2/Calendario académico Unidad Integración Curricular_GR_D-EL_Docentes_202630.pdf",199783,e75bc4ac99f7fd8face3df046212ab7c127ff2f4871ae8a77c714335ee8f175f,52e58ff5b4d0081a4e58630e132dc4323263032d8ca1414f711fa59bdb4ad66e,"e75bc4ac_doop_RV_Publicacio_n_de_calendarios_UTE-UIC-UT_periodo_abril_-_agosto_2026_2_Calendario_acad_mico_Unidad_Integraci_n_Cur.json",61804fa507023da52f4a3641f34f620a02d9816513abf805c8cd5a54bce53de5,2,2558,,
textract_blocks_no_ids,"textract_norm:56d12e9d54a47fa42b5921660d7ee79ea00d5afbfee2f33fc37ed85bcfe1aab5",1,"doop/OneDrive_3_12-5-2026/Cronogramas grado/Modalidad a distancia, en línea/Cronograma Ubicación-Suficiencia-Validación conocimientos de Inglés_GR-TEC-PS_D-El-P_Íntegro_202630.pdf",911862,714162353d896cfe45f6161039f8fb7316b1e7f8e1a5a6e50df924f134da0647,56d12e9d54a47fa42b5921660d7ee79ea00d5afbfee2f33fc37ed85bcfe1aab5,"71416235_doop_OneDrive_3_12-5-2026_Cronogramas_grado_Modalidad_a_distancia_en_li_nea_Cronograma_Ubicacio_n-Suficiencia-Validacio_.json",,4,0,,
textract_blocks_no_ids,"textract_norm:5799644ee4854039d4bd27f7db51b1987b5ab8503e847d5eeb1a7b4535ea12e8",1,"doop/OneDrive_3_12-5-2026/Cronogramas posgrados/Admisiones_Posgrados_D-El-P__ABR-AGO_2026.pdf",588138,9f0477d1d5ff9dc4fa75d7ea70d0dffb7546f872ddf4fca3875eba07419401f1,5799644ee4854039d4bd27f7db51b1987b5ab8503e847d5eeb1a7b4535ea12e8,"9f0477d1_doop_OneDrive_3_12-5-2026_Cronogramas_posgrados_Admisiones_Posgrados_D-El-P_ABR-AGO_2026.json",,2,0,,
textract_blocks_no_ids,"textract_norm:5a4f6983953e4cd4b0abcc9c29bdc36967b7fe583d128305da5dcfdf0514a800",1,"doop/OneDrive_3_12-5-2026/Cronogramas técnico tecnológico/Modalidad en línea/Matrículas_TEC_EL__ABR-AGO_2026.pdf",130565,4ccdf05a8b72e694f0e5068c4aa3357f6c0c8411978ef2ac2dd25cbedbefca61,5a4f6983953e4cd4b0abcc9c29bdc36967b7fe583d128305da5dcfdf0514a800,"4ccdf05a_doop_OneDrive_3_12-5-2026_Cronogramas_te_cnico_tecnolo_gico_Modalidad_en_li_nea_Matri_culas_TEC_EL_ABR-AGO_2026.json",,1,0,,
textract_blocks_no_ids,"textract_norm:5c27c9035d508e46b308d642aba5b3ee52fff12f80d24e9975465c11727f8614",1,"doop/RV_ Publicación calendarios_ validación general, validación de inglés abril - agosto 2026 2/Calendario Validación Listening-Speaking_GR_EL_Docentes_202630.pdf",189887,e72cb4034e5cfac10db99013d04fd9a046e76ee81d134f16062b985da26e6591,5c27c9035d508e46b308d642aba5b3ee52fff12f80d24e9975465c11727f8614,"e72cb403_doop_RV_Publicacio_n_calendarios_validacio_n_general_validacio_n_de_ingle_s_abril_-_agosto_2026_2_Calendario_Validaci_n_.json",398798c40f3590f357c9f952b23171fa96ff446c8f27e18af1bff3312eeb2bb4,2,810,,
textract_blocks_no_ids,"textract_norm:5d07b70d078780224b3e86adf158d8aa1aaa4a13025f953e6b5292bcf65f0091",1,"doop/RV_ Publicación calendarios_ validación general, validación de inglés abril - agosto 2026 2/Calendario Validación general_GR-PS-TEC_D-EL_Docentes_202630.pdf",193283,255e66137ca5c125447377434cc24d64f8fd23fafd80981dde3d1bc863057799,5d07b70d078780224b3e86adf158d8aa1aaa4a13025f953e6b5292bcf65f0091,"255e6613_doop_RV_Publicacio_n_calendarios_validacio_n_general_validacio_n_de_ingle_s_abril_-_agosto_2026_2_Calendario_Validaci_n_.json",57bc2f95fd639d0aa04b35ab88b2b03a879f09d7374db0da25ee04ef54737312,2,1199,,
textract_blocks_no_ids,"textract_norm:5d33a344528b2af51f15827b5fb48f146eff614fd1532dc314ca84b8824dfcd8",1,"doop/OneDrive_3_12-5-2026/Cronogramas posgrados/Cronograma Unidad Titulación Especial_GR-PS_D-P_Íntegro_202630.pdf",3933378,18b209296a738dfe92cf959d218e7894b1c8b4eddc7f722cd95ac38c4a112a5e,5d33a344528b2af51f15827b5fb48f146eff614fd1532dc314ca84b8824dfcd8,"18b20929_doop_OneDrive_3_12-5-2026_Cronogramas_posgrados_Cronograma_Unidad_Titulacio_n_Especial_GR-PS_D-P_I_ntegro_202630.json",,18,0,,
textract_blocks_no_ids,"textract_norm:5de857436d37d017b1c4d391fa8a4e0114b92df9224d93ae58c674cc258ecdbe",1,"doop/RV_ Publicación calendarios_ estudiantes abril - agosto 2026 2/Calendario académico_TEC_EL_Estudiantes_202630.pdf",1026290,0da73d04324b0aa1a578585aa8964ceb8ab32eb6a03fa2372d8c6cd49ba46a47,5de857436d37d017b1c4d391fa8a4e0114b92df9224d93ae58c674cc258ecdbe,"0da73d04_doop_RV_Publicacio_n_calendarios_estudiantes_abril_-_agosto_2026_2_Calendario_acad_mico_TEC_EL_Estudiantes_202630.json",301b36a678a897860e592d9aa9c30e00dd082abd5c032cc16648962bdc8107e7,4,2192,,
textract_blocks_no_ids,"textract_norm:5ff2d7e6ce0fab8c9470f9b3d215d996e730223d61366a5e4629cb7f2f7b1af8",1,"doop/OneDrive_3_12-5-2026/Cronogramas grado/Modalidad presencial/Cronograma Unidad Integración Curricular_GR-PS-TEC_D-EL-P_Íntegro_202630.pdf",3198758,eee1c735ea4b9a4725d3a7b45546c4316b424bef1a1c62c2478ab9c4c3212818,5ff2d7e6ce0fab8c9470f9b3d215d996e730223d61366a5e4629cb7f2f7b1af8,"eee1c735_doop_OneDrive_3_12-5-2026_Cronogramas_grado_Modalidad_presencial_Cronograma_Unidad_Integracio_n_Curricular_GR-PS-TEC_D-E.json",,14,0,,
textract_blocks_no_ids,"textract_norm:603743dc9b88734d8c9f5a1dafad91fe8441adc2498067ee830c504aceeddcc7",1,"doop/OneDrive_4_12-5-2026/Cronogramas posgrados/Matrículas Unidad Titulación Especial (UTE)_Posgrados_D-El-P-H__ABR-AGO_2026.pdf",120668,193bc80e046075dfd63a3dea98477e453634a435bbc42e98438bb9fafa9e2798,603743dc9b88734d8c9f5a1dafad91fe8441adc2498067ee830c504aceeddcc7,"193bc80e_doop_OneDrive_4_12-5-2026_Cronogramas_posgrados_Matri_culas_Unidad_Titulacio_n_Especial_UTE_Posgrados_D-El-P-H_ABR-AGO_2.json",,1,0,,
textract_blocks_no_ids,"textract_norm:612143cf10a3c35b7a21d4b5091f315346d38745173353218b6f95ae98796e8a",1,"doop/OneDrive_3_12-5-2026/Cronogramas grado/Modalidad a distancia, en línea/Cronograma Académico_regular-CCE__GR-TEC__D-EL__Íntegro__202630.pdf",2367315,dc23d185ab9ef63df81538759a8e1a6a0f5ed48f3f5b21784981b2abbfee0e49,612143cf10a3c35b7a21d4b5091f315346d38745173353218b6f95ae98796e8a,"dc23d185_doop_OneDrive_3_12-5-2026_Cronogramas_grado_Modalidad_a_distancia_en_li_nea_Cronograma_Acade_mico_regular-CCE_GR-TEC_D-E.json",,10,0,,
textract_blocks_no_ids,"textract_norm:612b423e5a08ab39c3f91881e12012b2963782467ac6d17a661c873efb5a5132",1,"doop/OneDrive_3_12-5-2026/Cronogramas grado/Modalidad presencial/Alcance matrícula GR_MP_ABR-AGO_2026.pdf",154196,5ef78a323a869abe2c96e1f0c4aa4495489de3909761d1c82b39c350fc6eab86,612b423e5a08ab39c3f91881e12012b2963782467ac6d17a661c873efb5a5132,"5ef78a32_doop_OneDrive_3_12-5-2026_Cronogramas_grado_Modalidad_presencial_Alcance_matri_cula_GR_MP_ABR-AGO_2026.json",,2,0,,
textract_blocks_no_ids,"textract_norm:621785bb5c949c6c9e59a5c49e6fe617b53f4a79801fc2186a8dde4c7d3fc17e",1,"doop/OneDrive_1_12-5-2026/Cronograma Académico_regular-CCE_TEC_EL_Íntegro_202625.pdf",752125,edb7ca72b2503f1e37b0ea8afb26d48bde309654a66293323552bc0a3a368aa8,621785bb5c949c6c9e59a5c49e6fe617b53f4a79801fc2186a8dde4c7d3fc17e,"fbffe2af_doop_OneDrive_1_12-5-2026_Cronograma_Acade_mico_regular-CCE_TEC_EL_I_ntegro_202625.json",,4,0,,
textract_blocks_no_ids,"textract_norm:62a46e79ce97da27deff1c2199165f8fcc2a2eb8fb3f33526d61ae013b219b07",1,"doop/OneDrive_2_12-5-2026/Servicios Matrícula_TEC_EL_Íntegro_202650.pdf",196827,8d5a86a76b2df285e32b4433d5b885f80682b4ee39be2d9c652d2206eb7f7ad1,62a46e79ce97da27deff1c2199165f8fcc2a2eb8fb3f33526d61ae013b219b07,"8d5a86a7_doop_OneDrive_2_12-5-2026_Servicios_Matri_cula_TEC_EL_I_ntegro_202650.json",b7a3182d45b60f23d32d7173f5e69df18db505ebfd6747d13b1cdf2e4de6f673,2,2001,,
textract_blocks_no_ids,"textract_norm:657983e8576ca888277f72b86dcce628c97bc04d3dd4f07805a223c9e9f913a9",1,"doop/RV_ Publicación calendarios_ validación general, validación de inglés abril - agosto 2026 2/Calendario Validación conocimientos de Inglés_GR-PS_D-EL-P_Estudiantes_202630.pdf",193604,75fa085ee37516b1e937aef8467cffb380c41f0f5cb039a6d182642b11f6efbf,657983e8576ca888277f72b86dcce628c97bc04d3dd4f07805a223c9e9f913a9,"75fa085e_doop_RV_Publicacio_n_calendarios_validacio_n_general_validacio_n_de_ingle_s_abril_-_agosto_2026_2_Calendario_Validaci_n_.json",05472613bc9fe1fbd7822eb865c5aea72916f8b8aadb3bac53310e0f70b810b9,2,1452,,
textract_blocks_no_ids,"textract_norm:662be3ef1e5426524e0c0e9eed5431196a35335ed675723bdb47778fe367c513",1,"doop/OneDrive_2_12-5-2026/Cronograma Académico_regular-CCE_TEC_EL_Íntegro_202650.pdf",750603,fbffe2af38853792054ab7d6bd3fd31d498b7619de15849098eb4970b9194fd9,662be3ef1e5426524e0c0e9eed5431196a35335ed675723bdb47778fe367c513,"fbffe2af_doop_OneDrive_2_12-5-2026_Cronograma_Acade_mico_regular-CCE_TEC_EL_I_ntegro_202650.json",,4,0,,
textract_blocks_no_ids,"textract_norm:67c7cd04fe250f75f5bfeb79df52dc06bcc8ba955cf9a2a3c5d0a6811587273a",1,"doop/RV_ Publicación calendarios_ validación general, validación de inglés abril - agosto 2026 2/Calendario Ubicación-Suficiencia de Inglés_GR-TEC-PS_D-El-P_Docentes.pdf",191807,ab8dadc69f7ae879cd310ada61ac151cbc073006ed69454316287bed25ee12a3,67c7cd04fe250f75f5bfeb79df52dc06bcc8ba955cf9a2a3c5d0a6811587273a,"ab8dadc6_doop_RV_Publicacio_n_calendarios_validacio_n_general_validacio_n_de_ingle_s_abril_-_agosto_2026_2_Calendario_Ubicaci_n-S.json",a0ce4e4bd8a3c93163ea7f896c99d719dacef4134f0415edb290c68003fd54bb,2,1032,,
textract_blocks_no_ids,"textract_norm:6a587c615377a245e3052f2b97135d3a7a47fe57910a7d7109e99141508a86af",1,"doop/OneDrive_4_12-5-2026/Cronogramas grado/Modalidad a distancia, en línea/Matrículas Curso Competencias Específicas_GR_D-El__ABR-AGO_2026.pdf",125788,d4f69b891255d2f59b8707b9b809b388943ccac7e374ec92fe6698c8adfa6e30,6a587c615377a245e3052f2b97135d3a7a47fe57910a7d7109e99141508a86af,"d4f69b89_doop_OneDrive_4_12-5-2026_Cronogramas_grado_Modalidad_a_distancia_en_li_nea_Matri_culas_Curso_Competencias_Especi_ficas_.json",,1,0,,
textract_blocks_no_ids,"textract_norm:6c19933a8e87eb92c3fd9b1246a539ff6ef147d39dbde01f772e15dab7d34982",1,"doop/OneDrive_3_12-5-2026/Cronogramas posgrados/Cronograma Académico_PS_P-El-HI_Íntegro_202630.pdf",236609,2bfae6cacb42d49f86dd47f13bacc5227a882f264efe9e8fed3f000f348de2c2,6c19933a8e87eb92c3fd9b1246a539ff6ef147d39dbde01f772e15dab7d34982,"2bfae6ca_doop_OneDrive_3_12-5-2026_Cronogramas_posgrados_Cronograma_Acade_mico_PS_P-El-HI_I_ntegro_202630.json",8eb2e80aad94c79f2a6bc20581f39a8330dcfe3bfd035ea9181bfb333e32c989,5,13234,,
textract_blocks_no_ids,"textract_norm:6c6a5b822c066aebb96b981ed723c1cf47edc07acb673fc114079754509f55fe",1,"doop/OneDrive_4_12-5-2026/Cronogramas grado/Modalidad a distancia, en línea/Matrículas Unidad Titulación Especial (UTE)_GR_D-El__ABR-AGO_2026.pdf",127321,3a2bb2a3b7cb10f5c46c2669c59a82917d773fd5dd555b0e216f25594310f401,6c6a5b822c066aebb96b981ed723c1cf47edc07acb673fc114079754509f55fe,"3a2bb2a3_doop_OneDrive_4_12-5-2026_Cronogramas_grado_Modalidad_a_distancia_en_li_nea_Matri_culas_Unidad_Titulacio_n_Especial_UTE_.json",,1,0,,
textract_blocks_no_ids,"textract_norm:6e4fc2469aa0e249e13a3f4c25af5ba2980960903e37d196d765c3d2af34744e",1,"doop/OneDrive_4_12-5-2026/Cronogramas técnico tecnológico/Modalidad presencial/Cronograma Validación general_GR-PS-TEC_D-EL-P_Íntegro_202630.pdf",883651,882543dbe81055bab12932d31f7aa53a932dadb831acc6eb5e3c27391c0e132d,6e4fc2469aa0e249e13a3f4c25af5ba2980960903e37d196d765c3d2af34744e,"882543db_doop_OneDrive_4_12-5-2026_Cronogramas_te_cnico_tecnolo_gico_Modalidad_presencial_Cronograma_Validacio_n_general_GR-PS-TE.json",,4,0,,
textract_blocks_no_ids,"textract_norm:6ffaa017b3b092191a7d54e604b41a9636785e7cb2a4db62c6a6e96c5e805573",1,"doop/OneDrive_3_12-5-2026/Cronogramas técnico tecnológico/Modalidad en línea/Cronograma Validación general_GR-PS-TEC_D-EL-P_Íntegro_202630.pdf",883651,882543dbe81055bab12932d31f7aa53a932dadb831acc6eb5e3c27391c0e132d,6ffaa017b3b092191a7d54e604b41a9636785e7cb2a4db62c6a6e96c5e805573,"882543db_doop_OneDrive_3_12-5-2026_Cronogramas_te_cnico_tecnolo_gico_Modalidad_en_li_nea_Cronograma_Validacio_n_general_GR-PS-TEC.json",,4,0,,
textract_blocks_no_ids,"textract_norm:720b75d8ddec3308b78137916b76f7e2a3805a744bcd3e243e13ac0636595214",1,"doop/RV_ Publicación de calendarios_ UTE-UIC-UT periodo abril - agosto 2026 2/Calendario académico Trabajo Integración Curricular_TEC_EL_Estudiantes_202630.pdf",188979,f476c1dd2ac6fd89604688f85a4b3018415a6778d264331b334178571534cde4,720b75d8ddec3308b78137916b76f7e2a3805a744bcd3e243e13ac0636595214,"f476c1dd_doop_RV_Publicacio_n_de_calendarios_UTE-UIC-UT_periodo_abril_-_agosto_2026_2_Calendario_acad_mico_Trabajo_Integraci_n_Cu.json",69f5dd199ea3e1162d3e022af402e2fc995f84bfa81842bd24d3951c37754595,2,932,,
textract_blocks_no_ids,"textract_norm:722663075dd55c9a927ebdb35f36d3821974feb5f19ac2bbb72f866c55891ec1",1,"doop/OneDrive_3_12-5-2026/Cronogramas grado/Modalidad presencial/Cronograma Unidad Titulación Especial_GR-PS_D-P_Íntegro_202630.pdf",3933378,18b209296a738dfe92cf959d218e7894b1c8b4eddc7f722cd95ac38c4a112a5e,722663075dd55c9a927ebdb35f36d3821974feb5f19ac2bbb72f866c55891ec1,"18b20929_doop_OneDrive_3_12-5-2026_Cronogramas_grado_Modalidad_presencial_Cronograma_Unidad_Titulacio_n_Especial_GR-PS_D-P_I_nteg.json",,18,0,,
textract_blocks_no_ids,"textract_norm:724a70e8059250dd0796891e7d161c2a70836b23691546fc6396aabc66a75bc5",1,"doop/OneDrive_3_12-5-2026/Cronogramas grado/Modalidad presencial/Cronograma_Académico regular-CCE_GR_P_Íntegro_ABR-AGO_2026.pdf",1942808,cb6ca08ae03ff5fb2381640017b2b79fff6d2e5454dc8a77c8e89f7a7ea95b7b,724a70e8059250dd0796891e7d161c2a70836b23691546fc6396aabc66a75bc5,"cb6ca08a_doop_OneDrive_3_12-5-2026_Cronogramas_grado_Modalidad_presencial_Cronograma_Acade_mico_regular-CCE_GR_P_I_ntegro_ABR-AGO.json",,4,0,,
textract_blocks_no_ids,"textract_norm:72560baaaa3c0d3c91b40e61e183ca97de897d1c86b8143a7000c8d0aa391347",1,"doop/RV_ Publicación calendarios_ validación general, validación de inglés abril - agosto 2026 2/Cronograma Validación general_GR-PS-TEC_D-EL-P_Íntegro_202630.pdf",883651,882543dbe81055bab12932d31f7aa53a932dadb831acc6eb5e3c27391c0e132d,72560baaaa3c0d3c91b40e61e183ca97de897d1c86b8143a7000c8d0aa391347,"882543db_doop_RV_Publicacio_n_calendarios_validacio_n_general_validacio_n_de_ingle_s_abril_-_agosto_2026_2_Cronograma_Validaci_n_.json",,4,0,,
textract_blocks_no_ids,"textract_norm:729a79adc426606f834c19885dbc278b15a1b27f4a7a9b1af7e5e7b8fc06655a",1,"doop/OneDrive_4_12-5-2026/Cronogramas posgrados/Cronograma Unidad Integración Curricular_GR-PS-TEC_D-EL-P_Íntegro_202630.pdf",3198758,eee1c735ea4b9a4725d3a7b45546c4316b424bef1a1c62c2478ab9c4c3212818,729a79adc426606f834c19885dbc278b15a1b27f4a7a9b1af7e5e7b8fc06655a,"eee1c735_doop_OneDrive_4_12-5-2026_Cronogramas_posgrados_Cronograma_Unidad_Integracio_n_Curricular_GR-PS-TEC_D-EL-P_I_ntegro_2026.json",,14,0,,
textract_blocks_no_ids,"textract_norm:72deef4dc2a03dac5cd1de201b9a3a43cc2e5a016dd4ec95e6643f90700359ae",1,"doop/RV_ Publicación calendarios_ grado, modalidad en línea, abril - agosto 2026/Calendario académico_GR_D-EL_Docentes_202630.pdf",203126,228b33e4477338e16b5f92253a9d86c2734460af0810fe016687ed1232560ad1,72deef4dc2a03dac5cd1de201b9a3a43cc2e5a016dd4ec95e6643f90700359ae,"228b33e4_doop_RV_Publicacio_n_calendarios_grado_modalidad_en_li_nea_abril_-_agosto_2026_Calendario_acad_mico_GR_D-EL_Docentes_202.json",6020a885ea1814029cedee66e8c607be5ebef26988ccaf26f798d066b528fd39,2,3604,,
textract_blocks_no_ids,"textract_norm:75689c16401cacfbb8f31b856cf9d2fcfcba6358db165669423fd0d7640001f3",1,"doop/OneDrive_3_12-5-2026/Cronogramas técnico tecnológico/Modalidad en línea/Inscripciones C Competencias específicas_TEC_EL__ABR-AGO_2026.pdf",169147,246f0acb168619fa2e087edcab9947ecc9b5dcb26ba55c138e61f072a2602091,75689c16401cacfbb8f31b856cf9d2fcfcba6358db165669423fd0d7640001f3,"246f0acb_doop_OneDrive_3_12-5-2026_Cronogramas_te_cnico_tecnolo_gico_Modalidad_en_li_nea_Inscripciones_C_Competencias_especi_fica.json",,1,0,,
textract_blocks_no_ids,"textract_norm:7c08637defb2e1a5304a4d3644b8ed67f27cc4c6522525afe42b2db479c8135a",1,"doop/RV_ Publicación calendarios_ validación general, validación de inglés abril - agosto 2026 2/Calendario Validación Listening-Speaking_GR_P_Docentes_202630.pdf",188958,9e940eb5e803598f279f9980a94c3a99450e3a8dbc1c7ee32f43a0881f3e9b32,7c08637defb2e1a5304a4d3644b8ed67f27cc4c6522525afe42b2db479c8135a,"9e940eb5_doop_RV_Publicacio_n_calendarios_validacio_n_general_validacio_n_de_ingle_s_abril_-_agosto_2026_2_Calendario_Validaci_n_.json",1506171cc0d06c3aa60162851f037a08c882cbe7513c8685f90438de70c83d1b,2,702,,
textract_blocks_no_ids,"textract_norm:7ded5149cc034bc2aedf74fdb599351a06915f9f9b528d82fee2f254af96b1f2",1,"doop/OneDrive_4_12-5-2026/Cronogramas grado/Modalidad presencial/Cronograma Validación general_GR-PS-TEC_D-EL-P_Íntegro_202630.pdf",883651,882543dbe81055bab12932d31f7aa53a932dadb831acc6eb5e3c27391c0e132d,7ded5149cc034bc2aedf74fdb599351a06915f9f9b528d82fee2f254af96b1f2,"882543db_doop_OneDrive_4_12-5-2026_Cronogramas_grado_Modalidad_presencial_Cronograma_Validacio_n_general_GR-PS-TEC_D-EL-P_I_ntegr.json",,4,0,,
textract_blocks_no_ids,"textract_norm:8099c41fae3c7aff71fcaa0ceb007c210d7001cbdf085d8e9e4369d803eccfe7",1,"doop/RV_ Publicación calendarios_ grado, modalidad en línea, abril - agosto 2026/Cronograma académico modular_GR-TEC_EL-P_Íntegro_202630.pdf",1137061,484e5c579666daf0930ed1a0af5270377ce8e74bd2087a54b1a48f8261d3c7b5,8099c41fae3c7aff71fcaa0ceb007c210d7001cbdf085d8e9e4369d803eccfe7,"484e5c57_doop_RV_Publicacio_n_calendarios_grado_modalidad_en_li_nea_abril_-_agosto_2026_Cronograma_acad_mico_modular_GR-TEC_EL-P_.json",,6,0,,
textract_blocks_no_ids,"textract_norm:80bc9f1e39aa564d4a71cf8d02296b2ff0d4c3929125b11ada0d59e499cf3b63",1,"doop/RV_ Publicación de calendarios_ UTE-UIC-UT periodo abril - agosto 2026 2/Calendario académico Unidad Integración Curricular_PS_D-EL-P-H_Docentes_202630.pdf",195160,3afac9f2fc4aff6efc59f3855324d393fa829a9af506191b0aa0c5b07ddf158d,80bc9f1e39aa564d4a71cf8d02296b2ff0d4c3929125b11ada0d59e499cf3b63,"3afac9f2_doop_RV_Publicacio_n_de_calendarios_UTE-UIC-UT_periodo_abril_-_agosto_2026_2_Calendario_acad_mico_Unidad_Integraci_n_Cur.json",8fd2cdc44607ec8aeb374d8b018f313b6b549c2c54aef7376a8fd912dbe09228,2,1313,,
textract_blocks_no_ids,"textract_norm:8197d0555152cef94c5fc6cafec3ebc67a47a04ac0901362606d28732d65bd40",1,"doop/OneDrive_3_12-5-2026/Cronogramas posgrados/Cronograma Ubicación-Suficiencia-Validación conocimientos de Inglés_GR-TEC-PS_D-El-P_Íntegro_202630.pdf",911862,714162353d896cfe45f6161039f8fb7316b1e7f8e1a5a6e50df924f134da0647,8197d0555152cef94c5fc6cafec3ebc67a47a04ac0901362606d28732d65bd40,"71416235_doop_OneDrive_3_12-5-2026_Cronogramas_posgrados_Cronograma_Ubicacio_n-Suficiencia-Validacio_n_conocimientos_de_Ingle_s_G.json",,4,0,,
textract_blocks_no_ids,"textract_norm:81c4a5a7e4261b566fa54e7b58c892e91e64566ee7bfdf4bad79ed4479ab4d9b",1,"doop/RV_ Publicación calendarios_ estudiantes abril - agosto 2026 2/Calendario académico_Posgrados_EL-HI_Estudiantes_202630.pdf",902049,c3fbc8a21ae74a2a489bbde94d53a90507102c0ffacf636e7b87006b7a9cdb36,81c4a5a7e4261b566fa54e7b58c892e91e64566ee7bfdf4bad79ed4479ab4d9b,"c3fbc8a2_doop_RV_Publicacio_n_calendarios_estudiantes_abril_-_agosto_2026_2_Calendario_acad_mico_Posgrados_EL-HI_Estudiantes_2026.json",bc5510998e2f9e6cb90f9ddbb13540611309fcde829dcc287ce2aa8bfef55d3d,4,2043,,
textract_blocks_no_ids,"textract_norm:85a17eb9e825164dc0ad9e8b663cfb404075289cd545509c7309e66d6ae8f59e",1,"doop/RV_ Publicación de calendarios_ UTE-UIC-UT periodo abril - agosto 2026 2/Calendario Unidad Titulación Especial_PS_D-P_Docentes_202630.pdf",200852,c6f511c868319b1ac2b036d42a414d27ba7654c7114ae502d9ec840ef1bd0f43,85a17eb9e825164dc0ad9e8b663cfb404075289cd545509c7309e66d6ae8f59e,"c6f511c8_doop_RV_Publicacio_n_de_calendarios_UTE-UIC-UT_periodo_abril_-_agosto_2026_2_Calendario_Unidad_Titulaci_n_Especial_PS_D-.json",81b7d632d690944139944894a32385637e215e441615d0aa13ee5d1544ed5dad,2,2923,,
textract_blocks_no_ids,"textract_norm:85f4e7973c2fddf027949eed913055462424d76a3635f5db70f41ca325c83d7a",1,"doop/OneDrive_3_12-5-2026/Cronogramas grado/Modalidad presencial/Cronograma Validación general_GR-PS-TEC_D-EL-P_Íntegro_202630.pdf",883651,882543dbe81055bab12932d31f7aa53a932dadb831acc6eb5e3c27391c0e132d,85f4e7973c2fddf027949eed913055462424d76a3635f5db70f41ca325c83d7a,"882543db_doop_OneDrive_3_12-5-2026_Cronogramas_grado_Modalidad_presencial_Cronograma_Validacio_n_general_GR-PS-TEC_D-EL-P_I_ntegr.json",,4,0,,
textract_blocks_no_ids,"textract_norm:8770a5fda6caf6b1e673c2bd8de31515995511f37f9c9c310d817554fe4e5c1b",1,"doop/OneDrive_3_12-5-2026/Cronogramas técnico tecnológico/Modalidad presencial/Cronograma académico modular_GR-TEC_EL-P_Íntegro_202630.pdf",1137061,484e5c579666daf0930ed1a0af5270377ce8e74bd2087a54b1a48f8261d3c7b5,8770a5fda6caf6b1e673c2bd8de31515995511f37f9c9c310d817554fe4e5c1b,"484e5c57_doop_OneDrive_3_12-5-2026_Cronogramas_te_cnico_tecnolo_gico_Modalidad_presencial_Cronograma_acade_mico_modular_GR-TEC_EL.json",,6,0,,
textract_blocks_no_ids,"textract_norm:8911c96f814d1f10d455a26977b88a8e19d247b95d063de34e3ae0686f816b1f",1,"doop/OneDrive_4_12-5-2026/Cronogramas posgrados/Matrículas_Posgrados_D-El-P-H__ABR-AGO_2026.pdf",143025,48a7d3c7737658752f7e639324914f9aa95ab9b06c720365234bd33476459dad,8911c96f814d1f10d455a26977b88a8e19d247b95d063de34e3ae0686f816b1f,"48a7d3c7_doop_OneDrive_4_12-5-2026_Cronogramas_posgrados_Matri_culas_Posgrados_D-El-P-H_ABR-AGO_2026.json",,1,0,,
textract_blocks_no_ids,"textract_norm:8a32a444e777e8b614805b960ed2e24ef5de5eb48c5e2c13573efc3cf2ce2993",1,"doop/OneDrive_5_12-5-2026/Admisiones Doctorado en Química_PS_P__OCT_2026 - AGO_2027.pdf",857737,15dc5ffbf3e107c8e4445b0bc55951799d9d711743609ee5ac688a0e73a8e550,8a32a444e777e8b614805b960ed2e24ef5de5eb48c5e2c13573efc3cf2ce2993,"15dc5ffb_doop_OneDrive_5_12-5-2026_Admisiones_Doctorado_en_Qui_mica_PS_P_OCT_2026_-_AGO_2027.json",,4,0,,
textract_blocks_no_ids,"textract_norm:8b6b766697bcafd58b2506f086439ad8683432f01e87c4980ea594304947faef",1,"doop/OneDrive_3_12-5-2026/Cronogramas técnico tecnológico/Modalidad presencial/Cronograma Validación general_GR-PS-TEC_D-EL-P_Íntegro_202630.pdf",883651,882543dbe81055bab12932d31f7aa53a932dadb831acc6eb5e3c27391c0e132d,8b6b766697bcafd58b2506f086439ad8683432f01e87c4980ea594304947faef,"882543db_doop_OneDrive_3_12-5-2026_Cronogramas_te_cnico_tecnolo_gico_Modalidad_presencial_Cronograma_Validacio_n_general_GR-PS-TE.json",,4,0,,
textract_blocks_no_ids,"textract_norm:8d74b7589be771ebfbcb521ecaf3c3f085879add22e08079bcf3c14ffb50c728",1,"doop/OneDrive_4_12-5-2026/Cronogramas técnico tecnológico/Modalidad en línea/Cronograma_Elaboración materiales_TEC_EL__ABR-AGO_2026.pdf",401953,c3bb844f26966a5977ed705946a99230a014f6e0539b8ecac01c11dfa80c4fe0,8d74b7589be771ebfbcb521ecaf3c3f085879add22e08079bcf3c14ffb50c728,"c3bb844f_doop_OneDrive_4_12-5-2026_Cronogramas_te_cnico_tecnolo_gico_Modalidad_en_li_nea_Cronograma_Elaboracio_n_materiales_TEC_E.json",,2,0,,
textract_blocks_no_ids,"textract_norm:8db363a3fcde8f61161fdde49fa908fe2177fc1bcea81343bcf15e4004ec549e",1,"doop/OneDrive_4_12-5-2026/Cronogramas técnico tecnológico/Modalidad presencial/Matrículas_TEC_P_ABR-AGO_2026.pdf",1768490,c906332a3e6eed4cd08a2753da2192fd23647a542c9ca54fa2545650ad084fa3,8db363a3fcde8f61161fdde49fa908fe2177fc1bcea81343bcf15e4004ec549e,"c906332a_doop_OneDrive_4_12-5-2026_Cronogramas_te_cnico_tecnolo_gico_Modalidad_presencial_Matri_culas_TEC_P_ABR-AGO_2026.json",,5,0,,
textract_blocks_no_ids,"textract_norm:91243c1a8c06dfeee834d98de444f84cb06bb475438b848ec602bb8026364326",1,"doop/OneDrive_5_12-5-2026/Cronogramas grado/Modalidad presencial/Cronograma Admisiones grado presencial_GR_P_Estudiantes_202690.pdf",561782,434d964fe4a8f5fa466fbebfab21d7ef78100753eb50401eb8cdb67938e84474,91243c1a8c06dfeee834d98de444f84cb06bb475438b848ec602bb8026364326,"434d964f_doop_OneDrive_5_12-5-2026_Cronogramas_grado_Modalidad_presencial_Cronograma_Admisiones_grado_presencial_GR_P_Estudiantes.json",,3,0,,
textract_blocks_no_ids,"textract_norm:96675bd98d942707bc340e8ea4fc3f188a27c44e02a8348410c7a4018d7a3198",1,"doop/RV_ Publicación calendarios_ validación general, validación de inglés abril - agosto 2026 2/Calendario Validación Listening-Speaking_GR_P_Estudiantes_202630.pdf",191234,8238a2d151452d79e9a6219644b95c11d88c193cac20084ce7ff6f763b0e425a,96675bd98d942707bc340e8ea4fc3f188a27c44e02a8348410c7a4018d7a3198,"8238a2d1_doop_RV_Publicacio_n_calendarios_validacio_n_general_validacio_n_de_ingle_s_abril_-_agosto_2026_2_Calendario_Validaci_n_.json",3913b57ba268171e5794ae1f2df05af0ebd7a9b3e1c5d5303be8c8b61ed160f1,2,972,,
textract_blocks_no_ids,"textract_norm:972fa2bed710b709df32baf6ea5aa902253a55ec15c58a4df6b2d47adba03cb4",1,"doop/OneDrive_3_12-5-2026/Cronogramas grado/Modalidad presencial/Matrículas Curso Competencias Específicas (CCE)_GR_P__ABR-AGO_2026.pdf",114328,7615cf1330379c5997b9e30f7e0ba7ded4bd7dbea07ba4f4b1d0f389f97d8a20,972fa2bed710b709df32baf6ea5aa902253a55ec15c58a4df6b2d47adba03cb4,"7615cf13_doop_OneDrive_3_12-5-2026_Cronogramas_grado_Modalidad_presencial_Matri_culas_Curso_Competencias_Especi_ficas_CCE_GR_P_AB.json",,1,0,,
textract_blocks_no_ids,"textract_norm:97d50c19275c40884feef375cbaa5d973a5bf77d37a6b160017dc3819c0ac87b",1,"doop/OneDrive_4_12-5-2026/Cronogramas grado/Modalidad presencial/Cronograma Unidad Integración Curricular_GR-PS-TEC_D-EL-P_Íntegro_202630.pdf",3198758,eee1c735ea4b9a4725d3a7b45546c4316b424bef1a1c62c2478ab9c4c3212818,97d50c19275c40884feef375cbaa5d973a5bf77d37a6b160017dc3819c0ac87b,"eee1c735_doop_OneDrive_4_12-5-2026_Cronogramas_grado_Modalidad_presencial_Cronograma_Unidad_Integracio_n_Curricular_GR-PS-TEC_D-E.json",,14,0,,
textract_blocks_no_ids,"textract_norm:995042f1725be3d5868f63a4a4238eb9f5ca9881272a53cd82056ecc742dee2e",1,"doop/OneDrive_4_12-5-2026/Cronogramas grado/Modalidad a distancia, en línea/Cronograma Ubicación-Suficiencia-Validación conocimientos de Inglés_GR-TEC-PS_D-El-P_Íntegro_202630.pdf",911862,714162353d896cfe45f6161039f8fb7316b1e7f8e1a5a6e50df924f134da0647,995042f1725be3d5868f63a4a4238eb9f5ca9881272a53cd82056ecc742dee2e,"71416235_doop_OneDrive_4_12-5-2026_Cronogramas_grado_Modalidad_a_distancia_en_li_nea_Cronograma_Ubicacio_n-Suficiencia-Validacio_.json",,4,0,,
textract_blocks_no_ids,"textract_norm:9d54e37c33b4ad06270d1c67d46c40a112dd4db211078165a08b0fc05c055b94",1,"doop/RV_ Publicación de calendarios_ UTE-UIC-UT periodo abril - agosto 2026 2/Calendario Unidad Titulación Especial_GR_D_Estudiantes_202630.pdf",201801,5fab7d688960b3fd99ebda9b60c4821f47b6b3196845fb01cf5611544ea8775c,9d54e37c33b4ad06270d1c67d46c40a112dd4db211078165a08b0fc05c055b94,"5fab7d68_doop_RV_Publicacio_n_de_calendarios_UTE-UIC-UT_periodo_abril_-_agosto_2026_2_Calendario_Unidad_Titulaci_n_Especial_GR_D_.json",2bca339cc9208421c0369f80a5b000b218efc9f66af039257c3eff52243cbc91,2,2983,,
textract_blocks_no_ids,"textract_norm:9d8589af27069089f583a2dd70577705548d38675746070db4395ae0efa70388",1,"doop/RV_ Publicación calendarios_ validación general, validación de inglés abril - agosto 2026 2/Calendario Validación de Inglés Int. Externas_GR-PS_D-EL-P_Estudiantes_202630.pdf",192749,09595e5f8ccc8ff9070c6c1d0ea657e81c95253a2976146a218eb6f43eb4a385,9d8589af27069089f583a2dd70577705548d38675746070db4395ae0efa70388,"09595e5f_doop_RV_Publicacio_n_calendarios_validacio_n_general_validacio_n_de_ingle_s_abril_-_agosto_2026_2_Calendario_Validaci_n_.json",4416d707ef0ec1cef11fc21cc5cf6481fbb9c018b36094c745ac13c735c04a3d,2,1129,,
textract_blocks_no_ids,"textract_norm:9edc138e7f8d7733ab7ce574cbbf4f1d9bd1d015b8ce5bb663c8bc23b6a3567e",1,"doop/OneDrive_4_12-5-2026/Cronogramas posgrados/Admisiones_Especialización Anestesiología y Imagenología_Posgrados_P__ABR-AGO_2026.pdf",1036537,d529b41e3fb3276e761d92409077ac8373cdb480fb3537fa702773bbe701613b,9edc138e7f8d7733ab7ce574cbbf4f1d9bd1d015b8ce5bb663c8bc23b6a3567e,"d529b41e_doop_OneDrive_4_12-5-2026_Cronogramas_posgrados_Admisiones_Especializacio_n_Anestesiologi_a_y_Imagenologi_a_Posgrados_P_.json",,4,0,,
textract_blocks_no_ids,"textract_norm:9f3b0d5fcfc1044631da0b3e169c790441803c6ec476df76eedbe21d3e2f9cc7",1,"doop/RV_ Publicación calendarios_ validación general, validación de inglés abril - agosto 2026 2/Cronograma Ubicación-Suficiencia-Validación conocimientos de Inglés_GR-TEC-PS_D-El-P_Íntegro_202630.pdf",911862,714162353d896cfe45f6161039f8fb7316b1e7f8e1a5a6e50df924f134da0647,9f3b0d5fcfc1044631da0b3e169c790441803c6ec476df76eedbe21d3e2f9cc7,"71416235_doop_RV_Publicacio_n_calendarios_validacio_n_general_validacio_n_de_ingle_s_abril_-_agosto_2026_2_Cronograma_Ubicaci_n-S.json",,4,0,,
textract_blocks_no_ids,"textract_norm:a030346c582bfc489839b92feb020cea78b865fd0d6056127617a383d7ab1678",1,"doop/RV_ Publicación calendarios_ validación general, validación de inglés abril - agosto 2026 2/Calendario Validación general_GR-PS-TEC_MP_Docentes_202630.pdf",192490,1b38f75301055e9e6a77588410151f6737ea39612df1a7ee1884af0b70e9b66b,a030346c582bfc489839b92feb020cea78b865fd0d6056127617a383d7ab1678,"1b38f753_doop_RV_Publicacio_n_calendarios_validacio_n_general_validacio_n_de_ingle_s_abril_-_agosto_2026_2_Calendario_Validaci_n_.json",40f733e5304ce553ca20b5e96f51398c576645747ac06d0cf0f824d986a7de02,2,1165,,
textract_blocks_no_ids,"textract_norm:a169e3bf80647338c25a8bea22ae13200dc58163a915345e86e4012cdc738900",1,"doop/OneDrive_1_12-5-2026/Matrículas_TEC_EL_ABR-JUN_2026.pdf",123252,3724b22eb5d71a9dad486136757b5998e9d1d9c5f0e151a81a88ea0347ee0ede,a169e3bf80647338c25a8bea22ae13200dc58163a915345e86e4012cdc738900,"3724b22e_doop_OneDrive_1_12-5-2026_Matri_culas_TEC_EL_ABR-JUN_2026.json",,1,0,,
textract_blocks_no_ids,"textract_norm:a29f56f8d5960937db21fb9f9584373e9a4ab084e01b21ad24b7cb94a7fa59fc",1,"doop/OneDrive_4_12-5-2026/Cronogramas técnico tecnológico/Modalidad presencial/Cronograma académico modular_GR-TEC_EL-P_Íntegro_202630.pdf",1137061,484e5c579666daf0930ed1a0af5270377ce8e74bd2087a54b1a48f8261d3c7b5,a29f56f8d5960937db21fb9f9584373e9a4ab084e01b21ad24b7cb94a7fa59fc,"484e5c57_doop_OneDrive_4_12-5-2026_Cronogramas_te_cnico_tecnolo_gico_Modalidad_presencial_Cronograma_acade_mico_modular_GR-TEC_EL.json",,6,0,,
textract_blocks_no_ids,"textract_norm:a2fbb67a48241ebca3a840dee05155f5754937d5fba84e5fb2b10a45e14c599f",1,"doop/RV_ Publicación calendarios_ Calendario interno rotativo medicina mayo 2026 - abril 2027 2/Admisiones Doctorado en Química_PS_P__OCT_2026 - AGO_2027.pdf",857737,15dc5ffbf3e107c8e4445b0bc55951799d9d711743609ee5ac688a0e73a8e550,a2fbb67a48241ebca3a840dee05155f5754937d5fba84e5fb2b10a45e14c599f,"15dc5ffb_doop_RV_Publicacio_n_calendarios_Calendario_interno_rotativo_medicina_mayo_2026_-_abril_2027_2_Admisiones_Doctorado_en_Q.json",,4,0,,
textract_blocks_no_ids,"textract_norm:a5bce33cf7b3e7a5ccbd583b6da49e4161e70ec1362f9a434555ce3caf8d8ea9",1,"doop/OneDrive_4_12-5-2026/Cronogramas posgrados/Cronograma Unidad Titulación Especial_GR-PS_D-P_Íntegro_202630.pdf",3933378,18b209296a738dfe92cf959d218e7894b1c8b4eddc7f722cd95ac38c4a112a5e,a5bce33cf7b3e7a5ccbd583b6da49e4161e70ec1362f9a434555ce3caf8d8ea9,"18b20929_doop_OneDrive_4_12-5-2026_Cronogramas_posgrados_Cronograma_Unidad_Titulacio_n_Especial_GR-PS_D-P_I_ntegro_202630.json",,18,0,,
textract_blocks_no_ids,"textract_norm:a661d7e71367c0f37d8ae73d133992d21143994f8fb79f677158bff370d7e4b7",1,"doop/OneDrive_4_12-5-2026/Cronogramas grado/Modalidad a distancia, en línea/Cronograma Validación general_GR-PS-TEC_D-EL-P_Íntegro_202630.pdf",883651,882543dbe81055bab12932d31f7aa53a932dadb831acc6eb5e3c27391c0e132d,a661d7e71367c0f37d8ae73d133992d21143994f8fb79f677158bff370d7e4b7,"882543db_doop_OneDrive_4_12-5-2026_Cronogramas_grado_Modalidad_a_distancia_en_li_nea_Cronograma_Validacio_n_general_GR-PS-TEC_D-E.json",,4,0,,
textract_blocks_no_ids,"textract_norm:a6a98b4ebad618054a78679547e76e957cafe116b680c44bcd89da98a0458768",1,"doop/OneDrive_4_12-5-2026/Cronogramas posgrados/Cronograma Académico_PS_P-El-HI_Íntegro_202630.pdf",236609,2bfae6cacb42d49f86dd47f13bacc5227a882f264efe9e8fed3f000f348de2c2,a6a98b4ebad618054a78679547e76e957cafe116b680c44bcd89da98a0458768,"2bfae6ca_doop_OneDrive_4_12-5-2026_Cronogramas_posgrados_Cronograma_Acade_mico_PS_P-El-HI_I_ntegro_202630.json",8eb2e80aad94c79f2a6bc20581f39a8330dcfe3bfd035ea9181bfb333e32c989,5,13234,,
textract_blocks_no_ids,"textract_norm:a83643d62a24eecb38d549a041e5a476ad379c422cf8e038313b389cf74e2909",1,"doop/OneDrive_1_12-5-2026/Cronograma_Elaboración material educativo_TEC_EL_Íntegro.pdf",584656,767a5816aa3728f9ae2ec91888d3ca493c6d515a04950c28610558618ea6e6ae,a83643d62a24eecb38d549a041e5a476ad379c422cf8e038313b389cf74e2909,"767a5816_doop_OneDrive_1_12-5-2026_Cronograma_Elaboracio_n_material_educativo_TEC_EL_I_ntegro.json",,2,0,,
textract_blocks_no_ids,"textract_norm:a8ec99d4f2ae97e55a078b36025da1df95cacb01a0e09759ad3420480d69e6c3",1,"doop/OneDrive_3_12-5-2026/Cronogramas técnico tecnológico/Modalidad presencial/Matrículas_TEC_P_ABR-AGO_2026.pdf",1768490,c906332a3e6eed4cd08a2753da2192fd23647a542c9ca54fa2545650ad084fa3,a8ec99d4f2ae97e55a078b36025da1df95cacb01a0e09759ad3420480d69e6c3,"c906332a_doop_OneDrive_3_12-5-2026_Cronogramas_te_cnico_tecnolo_gico_Modalidad_presencial_Matri_culas_TEC_P_ABR-AGO_2026.json",,5,0,,
textract_blocks_no_ids,"textract_norm:a9af5b0eb6ab24f50732058ad085303df59ee9210bdaf6defe7166fda399410c",1,"doop/OneDrive_4_12-5-2026/Cronogramas grado/Modalidad presencial/Matrículas Curso Competencias Específicas (CCE)_GR_P__ABR-AGO_2026.pdf",114328,7615cf1330379c5997b9e30f7e0ba7ded4bd7dbea07ba4f4b1d0f389f97d8a20,a9af5b0eb6ab24f50732058ad085303df59ee9210bdaf6defe7166fda399410c,"7615cf13_doop_OneDrive_4_12-5-2026_Cronogramas_grado_Modalidad_presencial_Matri_culas_Curso_Competencias_Especi_ficas_CCE_GR_P_AB.json",,1,0,,
textract_blocks_no_ids,"textract_norm:acf5ce1922c70f1fcec01105e33cdfd05bb6f368b46f0c42daeec7528b8c9ba9",1,"doop/RV_ Publicación calendarios_ Calendario interno rotativo medicina mayo 2026 - abril 2027 2/Calendario académico internado rotativo_GR_P_Docentes_202640.pdf",194932,eba251831b54c7a9a18ef5d57214094a9c4de5f40e7dc15d37472e9fe9145ef2,acf5ce1922c70f1fcec01105e33cdfd05bb6f368b46f0c42daeec7528b8c9ba9,"eba25183_doop_RV_Publicacio_n_calendarios_Calendario_interno_rotativo_medicina_mayo_2026_-_abril_2027_2_Calendario_acad_mico_inte.json",85f7172799d6bcb3b6f921c9a9be9ec6c0c809a9ce1c3685f370199daef80e7d,2,1239,,
textract_blocks_no_ids,"textract_norm:ae4d2a600d2ec914d81148128fbc52f6de0fba415f6fffbf13d42332d1621f80",1,"doop/OneDrive_4_12-5-2026/Cronogramas posgrados/Cronograma Ubicación-Suficiencia-Validación conocimientos de Inglés_GR-TEC-PS_D-El-P_Íntegro_202630.pdf",911862,714162353d896cfe45f6161039f8fb7316b1e7f8e1a5a6e50df924f134da0647,ae4d2a600d2ec914d81148128fbc52f6de0fba415f6fffbf13d42332d1621f80,"71416235_doop_OneDrive_4_12-5-2026_Cronogramas_posgrados_Cronograma_Ubicacio_n-Suficiencia-Validacio_n_conocimientos_de_Ingle_s_G.json",,4,0,,
textract_blocks_no_ids,"textract_norm:b0be38face5252f82e3b8c3747d9f0f96fecb5135dc9d1a6e6afa7cc1396fdc0",1,"doop/OneDrive_4_12-5-2026/Cronogramas técnico tecnológico/Modalidad presencial/Alcance matrícula TEC_MP_ABR-AGO_2026.pdf",1643144,640db6302a473d36749635d016dd7a4e3040755b0873dfe8c103181e743c1d0f,b0be38face5252f82e3b8c3747d9f0f96fecb5135dc9d1a6e6afa7cc1396fdc0,"640db630_doop_OneDrive_4_12-5-2026_Cronogramas_te_cnico_tecnolo_gico_Modalidad_presencial_Alcance_matri_cula_TEC_MP_ABR-AGO_2026.json",,4,0,,
textract_blocks_no_ids,"textract_norm:b22ca29c8928e5a9c5cc2990cb48797f505607333d107bb24f2454effd038a3b",1,"doop/OneDrive_3_12-5-2026/Cronogramas posgrados/Matrículas_Posgrados_D-El-P-H__ABR-AGO_2026.pdf",143025,48a7d3c7737658752f7e639324914f9aa95ab9b06c720365234bd33476459dad,b22ca29c8928e5a9c5cc2990cb48797f505607333d107bb24f2454effd038a3b,"48a7d3c7_doop_OneDrive_3_12-5-2026_Cronogramas_posgrados_Matri_culas_Posgrados_D-El-P-H_ABR-AGO_2026.json",,1,0,,
textract_blocks_no_ids,"textract_norm:b32ad7a8584c9b30f44e334efd98a62c8a718cc9de4048c3fabc31390af76a92",1,"doop/RV_ Publicación de calendarios_ UTE-UIC-UT periodo abril - agosto 2026 2/Servicios Reconocimiento de Estudios_GRA-POS-TEC_MP-MEL__202690 (1).pdf",202877,8fafc9c84c4ce62f6dd9b9af330022e3b154f7e9749a2a3faf14c09a12738aaa,b32ad7a8584c9b30f44e334efd98a62c8a718cc9de4048c3fabc31390af76a92,"8fafc9c8_doop_RV_Publicacio_n_de_calendarios_UTE-UIC-UT_periodo_abril_-_agosto_2026_2_Servicios_Reconocimiento_de_Estudios_GRA-PO.json",c16c86a76975813a36497f62a2f7e81ce41bc5eb89d97fc0c65f90da1f414ca4,2,4292,,
textract_blocks_no_ids,"textract_norm:b631fe94fd9112626edb7dee2a821aeb2a227f2e7f6379ecea4e61183c10fe0d",1,"doop/RV_ Publicación calendarios_ grado, modalidad en línea, abril - agosto 2026/Calendario académico C Competencias Específicas_GR-TEC_D-EL_Docentes_202631.pdf",196941,4e420a1a6ac40710468f13630f4b4dc13a62fb55997ea7921b41ca295ecc7b72,b631fe94fd9112626edb7dee2a821aeb2a227f2e7f6379ecea4e61183c10fe0d,"4e420a1a_doop_RV_Publicacio_n_calendarios_grado_modalidad_en_li_nea_abril_-_agosto_2026_Calendario_acad_mico_C_Competencias_Espec.json",2b1c681e25e3e1ffac54bfe6b4531ba4349dbf5a6347dfc47f26ad3086eccbe7,2,1587,,
textract_blocks_no_ids,"textract_norm:b6abc337d575e66270a29a05459fc2a4d463d9cf47e6d86e393df6194c49541a",1,"doop/OneDrive_4_12-5-2026/Cronogramas técnico tecnológico/Modalidad en línea/Cronograma Validación general_GR-PS-TEC_D-EL-P_Íntegro_202630.pdf",883651,882543dbe81055bab12932d31f7aa53a932dadb831acc6eb5e3c27391c0e132d,b6abc337d575e66270a29a05459fc2a4d463d9cf47e6d86e393df6194c49541a,"882543db_doop_OneDrive_4_12-5-2026_Cronogramas_te_cnico_tecnolo_gico_Modalidad_en_li_nea_Cronograma_Validacio_n_general_GR-PS-TEC.json",,4,0,,
textract_blocks_no_ids,"textract_norm:b7e9ed8c922688b59b8c37965e012876184ac88d2cac43577ff636734d1c9c99",1,"doop/RV_ Publicación de calendarios_ UTE-UIC-UT periodo abril - agosto 2026 2/Calendario Unidad Titulación Especial_PS_D-P_Estudiantes_202630.pdf",200369,9fedc2ce3194e7d4c5db2149771fe6d05af9ec358af390bbbbde60aa11e16b41,b7e9ed8c922688b59b8c37965e012876184ac88d2cac43577ff636734d1c9c99,"9fedc2ce_doop_RV_Publicacio_n_de_calendarios_UTE-UIC-UT_periodo_abril_-_agosto_2026_2_Calendario_Unidad_Titulaci_n_Especial_PS_D-.json",41cfa33096b6718810608db6c8bf7a55f477e34d86293df2867207e505f01d6b,2,2591,,
textract_blocks_no_ids,"textract_norm:babce5e9593ada170df2ab558095293692c4286fb0e28e3b191eff784853f585",1,"doop/RV_ Publicación calendarios_ estudiantes abril - agosto 2026 2/Calendario Académico_GR_P_Estudiantes_202630.pdf",1062957,587c39cb2f9a643b3fa90247e0e08bd8ebb7b570d2ea7f8c371469ac9655c5ff,babce5e9593ada170df2ab558095293692c4286fb0e28e3b191eff784853f585,"587c39cb_doop_RV_Publicacio_n_calendarios_estudiantes_abril_-_agosto_2026_2_Calendario_Acad_mico_GR_P_Estudiantes_202630.json",42bf0535fec1232ce2e82092f5e8a9c00248a3258cd801b3dbd88a8c04445142,4,1681,,
textract_blocks_no_ids,"textract_norm:bb1efc108cf23415d437451232efd4c9b7ab204c4b5e1669b1b0178db5774a07",1,"doop/OneDrive_3_12-5-2026/Cronogramas grado/Modalidad a distancia, en línea/Cronograma Validación general_GR-PS-TEC_D-EL-P_Íntegro_202630.pdf",883651,882543dbe81055bab12932d31f7aa53a932dadb831acc6eb5e3c27391c0e132d,bb1efc108cf23415d437451232efd4c9b7ab204c4b5e1669b1b0178db5774a07,"882543db_doop_OneDrive_3_12-5-2026_Cronogramas_grado_Modalidad_a_distancia_en_li_nea_Cronograma_Validacio_n_general_GR-PS-TEC_D-E.json",,4,0,,
textract_blocks_no_ids,"textract_norm:c11367382ce7f6481a89a4b3f5fd062269f7d8af94f6ee205e7d336ce2576ed4",1,"doop/OneDrive_4_12-5-2026/Cronogramas grado/Modalidad a distancia, en línea/Cronograma Académico_regular-CCE__GR-TEC__D-EL__Íntegro__202630.pdf",2367315,dc23d185ab9ef63df81538759a8e1a6a0f5ed48f3f5b21784981b2abbfee0e49,c11367382ce7f6481a89a4b3f5fd062269f7d8af94f6ee205e7d336ce2576ed4,"dc23d185_doop_OneDrive_4_12-5-2026_Cronogramas_grado_Modalidad_a_distancia_en_li_nea_Cronograma_Acade_mico_regular-CCE_GR-TEC_D-E.json",,10,0,,
textract_blocks_no_ids,"textract_norm:c5b5d3ca46e31a678032a2bdf7c0a81ef6495b156144c52dd6436535e7ebec2b",1,"doop/RV_ Publicación de calendarios_ UTE-UIC-UT periodo abril - agosto 2026 2/Calendario académico Unidad Integración Curricular_PS_D-EL-P-H_Estudiantes_202630.pdf",193936,4d19b07f5b2165aec9fc444f23e7572dd67e189e25e519458beae10cc413811b,c5b5d3ca46e31a678032a2bdf7c0a81ef6495b156144c52dd6436535e7ebec2b,"4d19b07f_doop_RV_Publicacio_n_de_calendarios_UTE-UIC-UT_periodo_abril_-_agosto_2026_2_Calendario_acad_mico_Unidad_Integraci_n_Cur.json",08a3b6a0ddc49df781e7fb1788d8a4482d2c10169745819f0969710e1c2d3abe,2,1241,,
textract_blocks_no_ids,"textract_norm:c61d18481ca028d423449ca11573deb55baf7c7e12baa7ec30d7802cfe254fed",1,"doop/RV_ Publicación calendarios_ grado, modalidad en línea, abril - agosto 2026/Calendario académico CCE_GR-TEC_D-EL_Estudiantes_202631.pdf",195742,dc54e27f0cbb764ba8ca45c37884fa38f7d9fa592e8aa4285e9ff367fc158df7,c61d18481ca028d423449ca11573deb55baf7c7e12baa7ec30d7802cfe254fed,"dc54e27f_doop_RV_Publicacio_n_calendarios_grado_modalidad_en_li_nea_abril_-_agosto_2026_Calendario_acad_mico_CCE_GR-TEC_D-EL_Estu.json",4f2606f25dc07b5f56290e567032dac8db2d705af4cf57b82b26c2fe988eaabf,2,1391,,
textract_blocks_no_ids,"textract_norm:c854262cf111d6a70cf9dc774e66450fd466ba2a2e0eead14bf3ca97b6ec12ea",1,"doop/OneDrive_4_12-5-2026/Cronogramas técnico tecnológico/Modalidad en línea/Cronograma Ubicación-Suficiencia-Validación conocimientos de Inglés_GR-TEC-PS_D-El-P_Íntegro_202630.pdf",911862,714162353d896cfe45f6161039f8fb7316b1e7f8e1a5a6e50df924f134da0647,c854262cf111d6a70cf9dc774e66450fd466ba2a2e0eead14bf3ca97b6ec12ea,"71416235_doop_OneDrive_4_12-5-2026_Cronogramas_te_cnico_tecnolo_gico_Modalidad_en_li_nea_Cronograma_Ubicacio_n-Suficiencia-Valida.json",,4,0,,
textract_blocks_no_ids,"textract_norm:cc0ad5147c084c108cf4426e7a5decfe1f4daa79fbc5ca7d5be6586bfd7b2fc0",1,"doop/OneDrive_4_12-5-2026/Cronogramas técnico tecnológico/Modalidad presencial/Cronograma Ubicación-Suficiencia-Validación conocimientos de Inglés_GR-TEC-PS_D-El-P_Íntegro_202625-202630-202650.pdf",911862,714162353d896cfe45f6161039f8fb7316b1e7f8e1a5a6e50df924f134da0647,cc0ad5147c084c108cf4426e7a5decfe1f4daa79fbc5ca7d5be6586bfd7b2fc0,"71416235_doop_OneDrive_4_12-5-2026_Cronogramas_te_cnico_tecnolo_gico_Modalidad_presencial_Cronograma_Ubicacio_n-Suficiencia-Valid.json",,4,0,,
textract_blocks_no_ids,"textract_norm:cdfe9920636c8881c5148ab9442138bd4b06f6e12d25a27e60eccc5dae1a4b32",1,"doop/RV_ Publicación calendarios_ validación general, validación de inglés abril - agosto 2026 2/Calendario Validación conocimientos de Inglés_GR-PS_D-EL-P_Docentes_202630.pdf",191356,0c2ab1dffb79e23840141b455d4734de2add5c87413901043b1b2fcf7717e83e,cdfe9920636c8881c5148ab9442138bd4b06f6e12d25a27e60eccc5dae1a4b32,"0c2ab1df_doop_RV_Publicacio_n_calendarios_validacio_n_general_validacio_n_de_ingle_s_abril_-_agosto_2026_2_Calendario_Validaci_n_.json",c4f7467d59d2e352892ef9a609597077a824d80eaa4992044bc9075409a7fd7b,2,1031,,
textract_blocks_no_ids,"textract_norm:d3b93857d4743090ee58a642903cde5036cafd88ec0ad6d900701601eca20bf1",1,"doop/RV_ Publicación calendarios_ grado, modalidad en línea, abril - agosto 2026/Calendario académico modular_GR_EL_Docentes_202630.pdf",196206,194c1bcd6592eee25b92b0d9e532151fdef7b7f0bce1518af6ba2bdecf899e60,d3b93857d4743090ee58a642903cde5036cafd88ec0ad6d900701601eca20bf1,"194c1bcd_doop_RV_Publicacio_n_calendarios_grado_modalidad_en_li_nea_abril_-_agosto_2026_Calendario_acad_mico_modular_GR_EL_Docent.json",df212a89a24ccb000a5cc3d695467b8302d9a54228480ca04b1c2af868f5e625,2,2072,,
textract_blocks_no_ids,"textract_norm:d688c41492922ee801db5617013a4f901ab9ad4ba12cdb6814d7a0bc84e7a2ea",1,"doop/OneDrive_4_12-5-2026/Cronogramas técnico tecnológico/Modalidad en línea/Matrículas_TEC_EL__ABR-AGO_2026.pdf",130565,4ccdf05a8b72e694f0e5068c4aa3357f6c0c8411978ef2ac2dd25cbedbefca61,d688c41492922ee801db5617013a4f901ab9ad4ba12cdb6814d7a0bc84e7a2ea,"4ccdf05a_doop_OneDrive_4_12-5-2026_Cronogramas_te_cnico_tecnolo_gico_Modalidad_en_li_nea_Matri_culas_TEC_EL_ABR-AGO_2026.json",,1,0,,
textract_blocks_no_ids,"textract_norm:d8ee046e5336dd86b0b03b6a231bedad536d4e3524b930766b8fa8062b911d26",1,"doop/RV_ Publicación calendarios_ Calendario interno rotativo medicina mayo 2026 - abril 2027 2/Calendario académico internado rotativo_GR_P_Estudiantes_202640.pdf",193944,9144d6e405a4feb170089aebf47c97095cc4d43337539b3144a3fb99bfdd502f,d8ee046e5336dd86b0b03b6a231bedad536d4e3524b930766b8fa8062b911d26,"9144d6e4_doop_RV_Publicacio_n_calendarios_Calendario_interno_rotativo_medicina_mayo_2026_-_abril_2027_2_Calendario_acad_mico_inte.json",9e2c9169e0f94bfc5da467b581779a6186b4410787e07c03572626eb73542bbe,2,1146,,
textract_blocks_no_ids,"textract_norm:d94b58f7fdb7379d9b854ddd3006f12714eeffcc7ed7906902ed5734b8213c86",1,"doop/OneDrive_3_12-5-2026/Cronogramas técnico tecnológico/Modalidad en línea/Cronograma Académico_regular-CCE__GR-TEC__D-EL__Íntegro__202630.pdf",2367315,dc23d185ab9ef63df81538759a8e1a6a0f5ed48f3f5b21784981b2abbfee0e49,d94b58f7fdb7379d9b854ddd3006f12714eeffcc7ed7906902ed5734b8213c86,"dc23d185_doop_OneDrive_3_12-5-2026_Cronogramas_te_cnico_tecnolo_gico_Modalidad_en_li_nea_Cronograma_Acade_mico_regular-CCE_GR-TEC.json",,10,0,,
textract_blocks_no_ids,"textract_norm:dea0ae0eafe6f8c0e7644d9eac4d0354e891b1a282de63b067ea59edd6587dd5",1,"doop/OneDrive_4_12-5-2026/Cronogramas posgrados/Matrículas_PS_P-EL__ABR-AGO_2026.pdf",267441,c49d027ec226a8d6e865a956ccdce8e94809379a2141207e9dd6826100dbf854,dea0ae0eafe6f8c0e7644d9eac4d0354e891b1a282de63b067ea59edd6587dd5,"c49d027e_doop_OneDrive_4_12-5-2026_Cronogramas_posgrados_Matri_culas_PS_P-EL_ABR-AGO_2026.json",,2,0,,
textract_blocks_no_ids,"textract_norm:df5a8222982361252e1d9fcbdfd26202819aec1bf78589ce86703d33e54e37d9",1,"doop/OneDrive_4_12-5-2026/Cronogramas grado/Modalidad a distancia, en línea/Cronograma Unidad Titulación Especial_GR-PS_D-P_Íntegro_202630.pdf",3933378,18b209296a738dfe92cf959d218e7894b1c8b4eddc7f722cd95ac38c4a112a5e,df5a8222982361252e1d9fcbdfd26202819aec1bf78589ce86703d33e54e37d9,"18b20929_doop_OneDrive_4_12-5-2026_Cronogramas_grado_Modalidad_a_distancia_en_li_nea_Cronograma_Unidad_Titulacio_n_Especial_GR-PS.json",,18,0,,
textract_blocks_no_ids,"textract_norm:df5d9d87812b91d5d675e46ec73d78dd88b005e8335387d57e64defb689ebd4a",1,"doop/OneDrive_4_12-5-2026/Cronogramas grado/Modalidad presencial/Matrículas Unidad Titulación Especial (UTE)_GR_P__ABR-AGO_2026.pdf",117172,53860cfdf04d715c462cd739a59c20e0188ff5b658f97aeaabfcc72d343c902a,df5d9d87812b91d5d675e46ec73d78dd88b005e8335387d57e64defb689ebd4a,"53860cfd_doop_OneDrive_4_12-5-2026_Cronogramas_grado_Modalidad_presencial_Matri_culas_Unidad_Titulacio_n_Especial_UTE_GR_P_ABR-AG.json",,1,0,,
textract_blocks_no_ids,"textract_norm:e01e50f8ba7bcc65c37702626a1af54b33d3893f4656aad056e9badc1dd01d44",1,"doop/OneDrive_4_12-5-2026/Cronogramas grado/Modalidad a distancia, en línea/Cronograma Unidad Integración Curricular_GR-PS-TEC_D-EL-P_Íntegro_202630.pdf",3198758,eee1c735ea4b9a4725d3a7b45546c4316b424bef1a1c62c2478ab9c4c3212818,e01e50f8ba7bcc65c37702626a1af54b33d3893f4656aad056e9badc1dd01d44,"eee1c735_doop_OneDrive_4_12-5-2026_Cronogramas_grado_Modalidad_a_distancia_en_li_nea_Cronograma_Unidad_Integracio_n_Curricular_GR.json",,14,0,,
textract_blocks_no_ids,"textract_norm:e4f07bb08e958834e9dd48147c1b3d843447c8a98db5be146bc3c3af337a20f1",1,"doop/OneDrive_4_12-5-2026/Cronogramas técnico tecnológico/Modalidad en línea/Cronograma Académico_regular-CCE__GR-TEC__D-EL__Íntegro__202630.pdf",2367315,dc23d185ab9ef63df81538759a8e1a6a0f5ed48f3f5b21784981b2abbfee0e49,e4f07bb08e958834e9dd48147c1b3d843447c8a98db5be146bc3c3af337a20f1,"dc23d185_doop_OneDrive_4_12-5-2026_Cronogramas_te_cnico_tecnolo_gico_Modalidad_en_li_nea_Cronograma_Acade_mico_regular-CCE_GR-TEC.json",,10,0,,
textract_blocks_no_ids,"textract_norm:e64f2578be0c84854aaf8b1f5d5344b53d83036f20e35ac6a63f1f48fc68f2ad",1,"doop/RV_ Publicación calendarios_ grado, modalidad en línea, abril - agosto 2026/Calendario académico modular_GR_EL_Estudiantes_202630.pdf",199058,b979fd1052f9bfa181798620bb347543eb567759404c27751b3f7ba08e6518d0,e64f2578be0c84854aaf8b1f5d5344b53d83036f20e35ac6a63f1f48fc68f2ad,"b979fd10_doop_RV_Publicacio_n_calendarios_grado_modalidad_en_li_nea_abril_-_agosto_2026_Calendario_acad_mico_modular_GR_EL_Estudi.json",8300f5535491f9cf118d6263004c9ad37383bee59e3ee446b6491ca93681171c,2,2351,,
textract_blocks_no_ids,"textract_norm:e8af480c27f50671b21dcff0f643bb1cb50bd41cd508daf33b02cb5fe61356ae",1,"doop/OneDrive_3_12-5-2026/Cronogramas técnico tecnológico/Modalidad en línea/Cronograma Ubicación-Suficiencia-Validación conocimientos de Inglés_GR-TEC-PS_D-El-P_Íntegro_202630.pdf",911862,714162353d896cfe45f6161039f8fb7316b1e7f8e1a5a6e50df924f134da0647,e8af480c27f50671b21dcff0f643bb1cb50bd41cd508daf33b02cb5fe61356ae,"71416235_doop_OneDrive_3_12-5-2026_Cronogramas_te_cnico_tecnolo_gico_Modalidad_en_li_nea_Cronograma_Ubicacio_n-Suficiencia-Valida.json",,4,0,,
textract_blocks_no_ids,"textract_norm:e92d54182ce15783e7cc6867e8667bf900f57378c0f7eb6b85d34293c2a31909",1,"doop/OneDrive_4_12-5-2026/Cronogramas grado/Modalidad presencial/Cronograma_Académico regular-CCE_GR_P_Íntegro_ABR-AGO_2026.pdf",1942808,cb6ca08ae03ff5fb2381640017b2b79fff6d2e5454dc8a77c8e89f7a7ea95b7b,e92d54182ce15783e7cc6867e8667bf900f57378c0f7eb6b85d34293c2a31909,"cb6ca08a_doop_OneDrive_4_12-5-2026_Cronogramas_grado_Modalidad_presencial_Cronograma_Acade_mico_regular-CCE_GR_P_I_ntegro_ABR-AGO.json",,4,0,,
textract_blocks_no_ids,"textract_norm:e99f92142a262c18d7e14d9e8a1e4e8a7c87d76bd40c6e9e02bf2aa87c69a09f",1,"doop/OneDrive_2_12-5-2026/Matrículas_TEC_EL_JUN-AGO_2026.pdf",126001,f34985d1c68c6c5c6a945b82dfc79272ed0e3f1ee4722568c86a08968f75dced,e99f92142a262c18d7e14d9e8a1e4e8a7c87d76bd40c6e9e02bf2aa87c69a09f,"f34985d1_doop_OneDrive_2_12-5-2026_Matri_culas_TEC_EL_JUN-AGO_2026.json",,1,0,,
textract_blocks_no_ids,"textract_norm:ec61d5bf0ae9a26fac27a1adce2d46c19a6f01c1112c05eb77b3a40fefb22bc9",1,"doop/RV_ Publicación de calendarios_ UTE-UIC-UT periodo abril - agosto 2026 2/Calendario académico Unidad Integración Curricular_GR_P_Docentes_202630.pdf",200179,f02233290e7bf2a9921c6baf26500bb7c5e14d4c5db61bea966a812d87ceeb1f,ec61d5bf0ae9a26fac27a1adce2d46c19a6f01c1112c05eb77b3a40fefb22bc9,"f0223329_doop_RV_Publicacio_n_de_calendarios_UTE-UIC-UT_periodo_abril_-_agosto_2026_2_Calendario_acad_mico_Unidad_Integraci_n_Cur.json",5bae84d38bf80a972797eaf54e0166b8c353f23086edef098e2363e91b9189b1,2,2608,,
textract_blocks_no_ids,"textract_norm:ec8f91b0f13140bd45ae6735c513aa7aa8bb53008dd24f4b550d19b7157cabba",1,"doop/OneDrive_4_12-5-2026/Cronogramas técnico tecnológico/Modalidad en línea/Cronograma Unidad Integración Curricular_GR-PS-TEC_D-EL-P_Íntegro_202630.pdf",3198758,eee1c735ea4b9a4725d3a7b45546c4316b424bef1a1c62c2478ab9c4c3212818,ec8f91b0f13140bd45ae6735c513aa7aa8bb53008dd24f4b550d19b7157cabba,"eee1c735_doop_OneDrive_4_12-5-2026_Cronogramas_te_cnico_tecnolo_gico_Modalidad_en_li_nea_Cronograma_Unidad_Integracio_n_Curricula.json",,14,0,,
textract_blocks_no_ids,"textract_norm:ed629a7a851ea74ae04aa85fcbc02555ca30b5a739a7031b41820cf7e6048b39",1,"doop/OneDrive_4_12-5-2026/Cronogramas grado/Modalidad presencial/Cronograma Ubicación-Suficiencia-Validación conocimientos de Inglés_GR-TEC-PS_D-El-P_Íntegro_202630.pdf",911862,714162353d896cfe45f6161039f8fb7316b1e7f8e1a5a6e50df924f134da0647,ed629a7a851ea74ae04aa85fcbc02555ca30b5a739a7031b41820cf7e6048b39,"71416235_doop_OneDrive_4_12-5-2026_Cronogramas_grado_Modalidad_presencial_Cronograma_Ubicacio_n-Suficiencia-Validacio_n_conocimie.json",,4,0,,
textract_blocks_no_ids,"textract_norm:ee26f0b470adafefe31ba685b8e2d01c3e62f835de44540e704cb1478dab6362",1,"doop/OneDrive_3_12-5-2026/Cronogramas grado/Modalidad a distancia, en línea/Cronograma Unidad Integración Curricular_GR-PS-TEC_D-EL-P_Íntegro_202630.pdf",3198758,eee1c735ea4b9a4725d3a7b45546c4316b424bef1a1c62c2478ab9c4c3212818,ee26f0b470adafefe31ba685b8e2d01c3e62f835de44540e704cb1478dab6362,"eee1c735_doop_OneDrive_3_12-5-2026_Cronogramas_grado_Modalidad_a_distancia_en_li_nea_Cronograma_Unidad_Integracio_n_Curricular_GR.json",,14,0,,
textract_blocks_no_ids,"textract_norm:ee760b2c0dde35c61e02ab5b6f4dea8f5d7d23c4e8a55397b38c97959a80f93d",1,"doop/OneDrive_4_12-5-2026/Cronogramas grado/Modalidad a distancia, en línea/Mátriculas_GR_D-EL__ABR-AGO_2026.pdf",173741,76d833226d3d6e229f607227f32b6df13ad3ce6333024c5af6761896ebfd0184,ee760b2c0dde35c61e02ab5b6f4dea8f5d7d23c4e8a55397b38c97959a80f93d,"76d83322_doop_OneDrive_4_12-5-2026_Cronogramas_grado_Modalidad_a_distancia_en_li_nea_Ma_triculas_GR_D-EL_ABR-AGO_2026.json",,1,0,,
textract_blocks_no_ids,"textract_norm:eec512d5e67b99e4de486e76d52a2360c8fc36518037c160c887773a0895ff8a",1,"doop/OneDrive_3_12-5-2026/Cronogramas grado/Modalidad a distancia, en línea/Matrículas Unidad Titulación Especial (UTE)_GR_D-El__ABR-AGO_2026.pdf",127321,3a2bb2a3b7cb10f5c46c2669c59a82917d773fd5dd555b0e216f25594310f401,eec512d5e67b99e4de486e76d52a2360c8fc36518037c160c887773a0895ff8a,"3a2bb2a3_doop_OneDrive_3_12-5-2026_Cronogramas_grado_Modalidad_a_distancia_en_li_nea_Matri_culas_Unidad_Titulacio_n_Especial_UTE_.json",,1,0,,
textract_blocks_no_ids,"textract_norm:f0c6bc3dc2285ca3a05581bd5fc2e57104e236d6d5b481d3a1e618ca7b866afd",1,"doop/OneDrive_3_12-5-2026/Cronogramas grado/Modalidad a distancia, en línea/Matrículas Curso Competencias Específicas_GR_D-El__ABR-AGO_2026.pdf",125788,d4f69b891255d2f59b8707b9b809b388943ccac7e374ec92fe6698c8adfa6e30,f0c6bc3dc2285ca3a05581bd5fc2e57104e236d6d5b481d3a1e618ca7b866afd,"d4f69b89_doop_OneDrive_3_12-5-2026_Cronogramas_grado_Modalidad_a_distancia_en_li_nea_Matri_culas_Curso_Competencias_Especi_ficas_.json",,1,0,,
textract_blocks_no_ids,"textract_norm:f20d274fe27b9a44fa7af777364e74fa666cb67726e982f4002dd024d9fac959",1,"doop/OneDrive_4_12-5-2026/Trámites y servicios/Cronograma_Servicios de matrícula_GR, PS, TEC_P, D, EL__ABR-AGO_2026.pdf",152976,7aeb2602e6263eef47fbf470698f9fd58623113cdd29a001d6c7994b0aa5b29f,f20d274fe27b9a44fa7af777364e74fa666cb67726e982f4002dd024d9fac959,"7aeb2602_doop_OneDrive_4_12-5-2026_Tra_mites_y_servicios_Cronograma_Servicios_de_matri_cula_GR_PS_TEC_P_D_EL_ABR-AGO_2026.json",e3a0b60e0b28e1d59ad670693fe92ed5806af692062699201a8d38b2879a8e4d,3,5226,,
textract_blocks_no_ids,"textract_norm:f52e1e895561593fe1485dfb81946fff089d7ef76027aec4bf362f2685d26d11",1,"doop/RV_ Publicación de calendarios_ UTE-UIC-UT periodo abril - agosto 2026 2/Calendario Unidad Titulación Especial_GR_D_Docentes_202630.pdf",205297,678c64bea8f506c02a41b60498bc8e1c771fdcdbb4f100681567fa553229eaed,f52e1e895561593fe1485dfb81946fff089d7ef76027aec4bf362f2685d26d11,"678c64be_doop_RV_Publicacio_n_de_calendarios_UTE-UIC-UT_periodo_abril_-_agosto_2026_2_Calendario_Unidad_Titulaci_n_Especial_GR_D_.json",c35998c231f95dc73181fc89caa9fe738a5205b421925af61810fc184fb236e4,2,4401,,
textract_blocks_no_ids,"textract_norm:f5bf51cff4a986c76d8226c880bf7ecfad76246dd5adab60cf8d2da092ead612",1,"doop/RV_ Publicación de calendarios_ UTE-UIC-UT periodo abril - agosto 2026 2/Calendario Unidad Titulación Especial_GR_P_Estudiantes_202630.pdf",200182,8ac9826ef1adba8168b4a559979ac8b86ccf19fb17b85ed21fae952df574aaa2,f5bf51cff4a986c76d8226c880bf7ecfad76246dd5adab60cf8d2da092ead612,"8ac9826e_doop_RV_Publicacio_n_de_calendarios_UTE-UIC-UT_periodo_abril_-_agosto_2026_2_Calendario_Unidad_Titulaci_n_Especial_GR_P_.json",7f0afdf387d621fee276d8f083fbce0c0485abadf91f31e38afc606d23bec340,2,2737,,
textract_blocks_no_ids,"textract_norm:f709da1f088487044d4f9b219ac517d14650ace6ca5a1e698da1e2a96b8aeace",1,"doop/RV_ Publicación calendarios_ validación general, validación de inglés abril - agosto 2026 2/Calendario Validación general_GR-PS-TEC_MP_Estudiantes_202630.pdf",191794,8d1f81cc51f337e6c110c42519ee5e7d1bf67a05ad8e69f90358cc82b3d5a4c6,f709da1f088487044d4f9b219ac517d14650ace6ca5a1e698da1e2a96b8aeace,"8d1f81cc_doop_RV_Publicacio_n_calendarios_validacio_n_general_validacio_n_de_ingle_s_abril_-_agosto_2026_2_Calendario_Validaci_n_.json",3a6b940dbd439b64a00fc5b7f6c5d5dc45ba1863ca3332a71220b73345d651dd,2,878,,
textract_blocks_no_ids,"textract_norm:f7315619167e59526f95c538bf6e025f76863226ff85a39a60bdcbb95fe992aa",1,"doop/OneDrive_3_12-5-2026/Cronogramas grado/Modalidad presencial/Matrículas_GR_P__ABR-AGO_2026.pdf",329309,6232b5beb0b7e94b367be49a3d9cf149433095b56ba7245358be9cab03b76680,f7315619167e59526f95c538bf6e025f76863226ff85a39a60bdcbb95fe992aa,"6232b5be_doop_OneDrive_3_12-5-2026_Cronogramas_grado_Modalidad_presencial_Matri_culas_GR_P_ABR-AGO_2026.json",,3,0,,
textract_blocks_no_ids,"textract_norm:f899511645b58d8bb9a29d47d6a1dcfce0047841746f21b3e4d98cea5200681f",1,"doop/OneDrive_4_12-5-2026/Cronogramas grado/Modalidad presencial/Cronograma académico internado rotativo GR__P__Íntegro__202640.pdf",495976,44c9ac7f7366cb99627a162e15b898183826e952503333c8693584bdd05cc6dc,f899511645b58d8bb9a29d47d6a1dcfce0047841746f21b3e4d98cea5200681f,"44c9ac7f_doop_OneDrive_4_12-5-2026_Cronogramas_grado_Modalidad_presencial_Cronograma_acade_mico_internado_rotativo_GR_P_I_ntegro_.json",,2,0,,
textract_blocks_no_ids,"textract_norm:f8d065fb5b115adba22a0693319f7714041b7b328a139410bb89ec81ba0bf0d4",1,"doop/OneDrive_5_12-5-2026/Trámites y servicios/Servicios Reconocimiento de Estudios_GRA-POS-TEC_MP-MEL__202690.pdf",202877,8fafc9c84c4ce62f6dd9b9af330022e3b154f7e9749a2a3faf14c09a12738aaa,f8d065fb5b115adba22a0693319f7714041b7b328a139410bb89ec81ba0bf0d4,"8fafc9c8_doop_OneDrive_5_12-5-2026_Tra_mites_y_servicios_Servicios_Reconocimiento_de_Estudios_GRA-POS-TEC_MP-MEL_202690.json",c16c86a76975813a36497f62a2f7e81ce41bc5eb89d97fc0c65f90da1f414ca4,2,4292,,
textract_blocks_no_ids,"textract_norm:f94fa604ced14ab86db8b0125485fed837ab4933f81e1bb3878fa859222f59db",1,"doop/RV_ Publicación de calendarios_ UTE-UIC-UT periodo abril - agosto 2026 2/Calendario académico Unidad Integración Curricular_GR_D-EL_Estudiantes_202630.pdf",196268,e7fbfdeae3cfb3b50898d0f86b384bfb70f12534bad6eb8676555256db9c289a,f94fa604ced14ab86db8b0125485fed837ab4933f81e1bb3878fa859222f59db,"e7fbfdea_doop_RV_Publicacio_n_de_calendarios_UTE-UIC-UT_periodo_abril_-_agosto_2026_2_Calendario_acad_mico_Unidad_Integraci_n_Cur.json",152d96419230e3bb280fbe0c381d7f8ba336680fec5baead7afbf421b6ebdb59,2,1989,,
textract_blocks_no_ids,"textract_norm:f990ce1ad95ea92c0923c34d592aafdee3970f0bc7333e57bbcfeca47c01fed2",1,"doop/OneDrive_3_12-5-2026/Cronogramas grado/Modalidad presencial/Cronograma académico internado rotativo GR__P__Íntegro__202640.pdf",495976,44c9ac7f7366cb99627a162e15b898183826e952503333c8693584bdd05cc6dc,f990ce1ad95ea92c0923c34d592aafdee3970f0bc7333e57bbcfeca47c01fed2,"44c9ac7f_doop_OneDrive_3_12-5-2026_Cronogramas_grado_Modalidad_presencial_Cronograma_acade_mico_internado_rotativo_GR_P_I_ntegro_.json",,2,0,,
textract_blocks_no_ids,"textract_norm:fdecf4456ad1b1c4a5a7712081eb9d99247070651acb23cdda8db84034f634a1",1,"doop/RV_ Publicación calendarios_ validación general, validación de inglés abril - agosto 2026 2/Calendario Ubicación-Suficiencia de Inglés_GR-TEC-PS_D-El-P_Estudiantes.pdf",193334,303ca744d711dfc99c6869220254f88bb5e513232595ea1a873c5132f060445c,fdecf4456ad1b1c4a5a7712081eb9d99247070651acb23cdda8db84034f634a1,"303ca744_doop_RV_Publicacio_n_calendarios_validacio_n_general_validacio_n_de_ingle_s_abril_-_agosto_2026_2_Calendario_Ubicaci_n-S.json",c14fd59765f72d08f1d014cb1a4aa5bb0bbd8cf5cb9ceec90fb53ca7107205c7,2,1317,,